Họ tên	Email	Mã Khoa	Mã Bộ môn (Tùy chọn)	Mã môn dạy được
PGS.TS. Ngô Hồng Sơn	bcee.000@gv.phenikaa.vn	BCEE	BCEE-BM1	BCEE-1286,BCEE-1289,BCEE-1293,BCEE-1296,BCEE-1300,BCEE-1303,BCEE-1765,BCEE-1768,BCEE-1772
PGS.TS. Phạm Văn Cảnh	bcee.001@gv.phenikaa.vn	BCEE	BCEE-BM1	BCEE-1286,BCEE-1289,BCEE-1293,BCEE-1296,BCEE-1300,BCEE-1303,BCEE-1765,BCEE-1768,BCEE-1772
PGS.TS. Phạm Tiến Lâm	bcee.002@gv.phenikaa.vn	BCEE	BCEE-BM1	BCEE-1286,BCEE-1290,BCEE-1293,BCEE-1297,BCEE-1300,BCEE-1304,BCEE-1765,BCEE-1769,BCEE-1772
TS. Phạm Ngọc Hưng	bcee.003@gv.phenikaa.vn	BCEE	BCEE-BM1	BCEE-1286,BCEE-1290,BCEE-1293,BCEE-1297,BCEE-1300,BCEE-1304,BCEE-1765,BCEE-1769,BCEE-1772
TS. Lê Hoàng Anh	bcee.004@gv.phenikaa.vn	BCEE	BCEE-BM1	BCEE-1287,BCEE-1290,BCEE-1294,BCEE-1297,BCEE-1301,BCEE-1304,BCEE-1766,BCEE-1769
TS. Mai Xuân Trang	bcee.005@gv.phenikaa.vn	BCEE	BCEE-BM1	BCEE-1287,BCEE-1290,BCEE-1294,BCEE-1297,BCEE-1301,BCEE-1304,BCEE-1766,BCEE-1769
TS. Trịnh Thanh Bình	bcee.006@gv.phenikaa.vn	BCEE	BCEE-BM1	BCEE-1287,BCEE-1291,BCEE-1294,BCEE-1298,BCEE-1301,BCEE-1763,BCEE-1766,BCEE-1770
ThS. NCS. Nguyễn Anh Tuấn	bcee.007@gv.phenikaa.vn	BCEE	BCEE-BM1	BCEE-1287,BCEE-1291,BCEE-1294,BCEE-1298,BCEE-1301,BCEE-1763,BCEE-1766,BCEE-1770
ThS. Nguyễn Thành Trung	bcee.008@gv.phenikaa.vn	BCEE	BCEE-BM1	BCEE-1288,BCEE-1291,BCEE-1295,BCEE-1298,BCEE-1302,BCEE-1763,BCEE-1767,BCEE-1770
ThS. Đặng Thị Ngoan	bcee.009@gv.phenikaa.vn	BCEE	BCEE-BM1	BCEE-1288,BCEE-1291,BCEE-1295,BCEE-1298,BCEE-1302,BCEE-1763,BCEE-1767,BCEE-1770
ThS. Lương Tùng Dương	bcee.010@gv.phenikaa.vn	BCEE	BCEE-BM1	BCEE-1288,BCEE-1292,BCEE-1295,BCEE-1299,BCEE-1302,BCEE-1764,BCEE-1767,BCEE-1771
ThS. Nguyễn Thị Dinh	bcee.011@gv.phenikaa.vn	BCEE	BCEE-BM1	BCEE-1288,BCEE-1292,BCEE-1295,BCEE-1299,BCEE-1302,BCEE-1764,BCEE-1767,BCEE-1771
ThS. Nguyễn Thị Khánh Trâm	bcee.012@gv.phenikaa.vn	BCEE	BCEE-BM1	BCEE-1289,BCEE-1292,BCEE-1296,BCEE-1299,BCEE-1303,BCEE-1764,BCEE-1768,BCEE-1771
TS. Nguyễn Lệ Thu	bcee.013@gv.phenikaa.vn	BCEE	BCEE-BM1	BCEE-1289,BCEE-1292,BCEE-1296,BCEE-1299,BCEE-1303,BCEE-1764,BCEE-1768,BCEE-1771
PGS. Nguyễn Văn Hưng	bms.000@gv.phenikaa.vn	BMS	BMS-BM1	BMS-1039,BMS-1042,BMS-1046,BMS-1049,BMS-1053,BMS-1056,BMS-1635,BMS-1638,BMS-1642
TS. Phạm Thị Vân	bms.001@gv.phenikaa.vn	BMS	BMS-BM1	BMS-1039,BMS-1042,BMS-1046,BMS-1049,BMS-1053,BMS-1056,BMS-1635,BMS-1638,BMS-1642
PGS. Dương Thị Ly Hương	bms.002@gv.phenikaa.vn	BMS	BMS-BM1	BMS-1039,BMS-1043,BMS-1046,BMS-1050,BMS-1053,BMS-1057,BMS-1635,BMS-1639,BMS-1642
TS. Hoàng Thị Hương	bms.003@gv.phenikaa.vn	BMS	BMS-BM1	BMS-1039,BMS-1043,BMS-1046,BMS-1050,BMS-1053,BMS-1057,BMS-1635,BMS-1639,BMS-1642
PGS. Nguyễn Văn Hưng	bms.004@gv.phenikaa.vn	BMS	BMS-BM1	BMS-1040,BMS-1043,BMS-1047,BMS-1050,BMS-1054,BMS-1057,BMS-1636,BMS-1639
TS. Phạm Thị Vân	bms.005@gv.phenikaa.vn	BMS	BMS-BM1	BMS-1040,BMS-1043,BMS-1047,BMS-1050,BMS-1054,BMS-1057,BMS-1636,BMS-1639
PGS. Dương Thị Ly Hương	bms.006@gv.phenikaa.vn	BMS	BMS-BM1	BMS-1040,BMS-1044,BMS-1047,BMS-1051,BMS-1054,BMS-1633,BMS-1636,BMS-1640
TS. Hoàng Thị Hương	bms.007@gv.phenikaa.vn	BMS	BMS-BM1	BMS-1040,BMS-1044,BMS-1047,BMS-1051,BMS-1054,BMS-1633,BMS-1636,BMS-1640
PGS. Nguyễn Văn Hưng	bms.008@gv.phenikaa.vn	BMS	BMS-BM1	BMS-1041,BMS-1044,BMS-1048,BMS-1051,BMS-1055,BMS-1633,BMS-1637,BMS-1640
TS. Phạm Thị Vân	bms.009@gv.phenikaa.vn	BMS	BMS-BM1	BMS-1041,BMS-1044,BMS-1048,BMS-1051,BMS-1055,BMS-1633,BMS-1637,BMS-1640
PGS. Dương Thị Ly Hương	bms.010@gv.phenikaa.vn	BMS	BMS-BM1	BMS-1041,BMS-1045,BMS-1048,BMS-1052,BMS-1055,BMS-1634,BMS-1637,BMS-1641
TS. Hoàng Thị Hương	bms.011@gv.phenikaa.vn	BMS	BMS-BM1	BMS-1041,BMS-1045,BMS-1048,BMS-1052,BMS-1055,BMS-1634,BMS-1637,BMS-1641
PGS. Nguyễn Văn Hưng	bms.012@gv.phenikaa.vn	BMS	BMS-BM1	BMS-1042,BMS-1045,BMS-1049,BMS-1052,BMS-1056,BMS-1634,BMS-1638,BMS-1641
TS. Phạm Thị Vân	bms.013@gv.phenikaa.vn	BMS	BMS-BM1	BMS-1042,BMS-1045,BMS-1049,BMS-1052,BMS-1056,BMS-1634,BMS-1638,BMS-1641
PGS.TS. Ngô Hồng Sơn	eee.000@gv.phenikaa.vn	EEE	EEE-BM1	EEE-1305,EEE-1308,EEE-1312,EEE-1315,EEE-1319,EEE-1322,EEE-1775,EEE-1778,EEE-1782
PGS.TS. Phạm Văn Cảnh	eee.001@gv.phenikaa.vn	EEE	EEE-BM1	EEE-1305,EEE-1308,EEE-1312,EEE-1315,EEE-1319,EEE-1322,EEE-1775,EEE-1778,EEE-1782
PGS.TS. Phạm Tiến Lâm	eee.002@gv.phenikaa.vn	EEE	EEE-BM1	EEE-1305,EEE-1309,EEE-1312,EEE-1316,EEE-1319,EEE-1323,EEE-1775,EEE-1779,EEE-1782
TS. Phạm Ngọc Hưng	eee.003@gv.phenikaa.vn	EEE	EEE-BM1	EEE-1305,EEE-1309,EEE-1312,EEE-1316,EEE-1319,EEE-1323,EEE-1775,EEE-1779,EEE-1782
TS. Lê Hoàng Anh	eee.004@gv.phenikaa.vn	EEE	EEE-BM1	EEE-1306,EEE-1309,EEE-1313,EEE-1316,EEE-1320,EEE-1323,EEE-1776,EEE-1779
TS. Mai Xuân Trang	eee.005@gv.phenikaa.vn	EEE	EEE-BM1	EEE-1306,EEE-1309,EEE-1313,EEE-1316,EEE-1320,EEE-1323,EEE-1776,EEE-1779
TS. Trịnh Thanh Bình	eee.006@gv.phenikaa.vn	EEE	EEE-BM1	EEE-1306,EEE-1310,EEE-1313,EEE-1317,EEE-1320,EEE-1773,EEE-1776,EEE-1780
ThS. NCS. Nguyễn Anh Tuấn	eee.007@gv.phenikaa.vn	EEE	EEE-BM1	EEE-1306,EEE-1310,EEE-1313,EEE-1317,EEE-1320,EEE-1773,EEE-1776,EEE-1780
ThS. Nguyễn Thành Trung	eee.008@gv.phenikaa.vn	EEE	EEE-BM1	EEE-1307,EEE-1310,EEE-1314,EEE-1317,EEE-1321,EEE-1773,EEE-1777,EEE-1780
ThS. Đặng Thị Ngoan	eee.009@gv.phenikaa.vn	EEE	EEE-BM1	EEE-1307,EEE-1310,EEE-1314,EEE-1317,EEE-1321,EEE-1773,EEE-1777,EEE-1780
ThS. Lương Tùng Dương	eee.010@gv.phenikaa.vn	EEE	EEE-BM1	EEE-1307,EEE-1311,EEE-1314,EEE-1318,EEE-1321,EEE-1774,EEE-1777,EEE-1781
ThS. Nguyễn Thị Dinh	eee.011@gv.phenikaa.vn	EEE	EEE-BM1	EEE-1307,EEE-1311,EEE-1314,EEE-1318,EEE-1321,EEE-1774,EEE-1777,EEE-1781
ThS. Nguyễn Thị Khánh Trâm	eee.012@gv.phenikaa.vn	EEE	EEE-BM1	EEE-1308,EEE-1311,EEE-1315,EEE-1318,EEE-1322,EEE-1774,EEE-1778,EEE-1781
TS. Nguyễn Lệ Thu	eee.013@gv.phenikaa.vn	EEE	EEE-BM1	EEE-1308,EEE-1311,EEE-1315,EEE-1318,EEE-1322,EEE-1774,EEE-1778,EEE-1781
PGS.TS. Nguyễn Anh Thu	eib.000@gv.phenikaa.vn	EIB	EIB-BM1	EIB-1381,EIB-1384,EIB-1388,EIB-1391,EIB-1395,EIB-1398,EIB-1815,EIB-1818,EIB-1822
TS. Phạm Quốc Bảo	eib.001@gv.phenikaa.vn	EIB	EIB-BM1	EIB-1381,EIB-1384,EIB-1388,EIB-1391,EIB-1395,EIB-1398,EIB-1815,EIB-1818,EIB-1822
PGS.TS. Nguyễn Anh Thu	eib.002@gv.phenikaa.vn	EIB	EIB-BM1	EIB-1381,EIB-1385,EIB-1388,EIB-1392,EIB-1395,EIB-1399,EIB-1815,EIB-1819,EIB-1822
TS. Đào Lê Trang Anh	eib.003@gv.phenikaa.vn	EIB	EIB-BM1	EIB-1381,EIB-1385,EIB-1388,EIB-1392,EIB-1395,EIB-1399,EIB-1815,EIB-1819,EIB-1822
PGS.TS. Ngô Hồng Sơn	eib.004@gv.phenikaa.vn	EIB	EIB-BM1	EIB-1382,EIB-1385,EIB-1389,EIB-1392,EIB-1396,EIB-1399,EIB-1816,EIB-1819
PGS.TS. Phạm Văn Cảnh	eib.005@gv.phenikaa.vn	EIB	EIB-BM1	EIB-1382,EIB-1385,EIB-1389,EIB-1392,EIB-1396,EIB-1399,EIB-1816,EIB-1819
PGS.TS. Phạm Tiến Lâm	eib.006@gv.phenikaa.vn	EIB	EIB-BM1	EIB-1382,EIB-1386,EIB-1389,EIB-1393,EIB-1396,EIB-1813,EIB-1816,EIB-1820
TS. Phạm Ngọc Hưng	eib.007@gv.phenikaa.vn	EIB	EIB-BM1	EIB-1382,EIB-1386,EIB-1389,EIB-1393,EIB-1396,EIB-1813,EIB-1816,EIB-1820
TS. Lê Hoàng Anh	eib.008@gv.phenikaa.vn	EIB	EIB-BM1	EIB-1383,EIB-1386,EIB-1390,EIB-1393,EIB-1397,EIB-1813,EIB-1817,EIB-1820
TS. Mai Xuân Trang	eib.009@gv.phenikaa.vn	EIB	EIB-BM1	EIB-1383,EIB-1386,EIB-1390,EIB-1393,EIB-1397,EIB-1813,EIB-1817,EIB-1820
TS. Trịnh Thanh Bình	eib.010@gv.phenikaa.vn	EIB	EIB-BM1	EIB-1383,EIB-1387,EIB-1390,EIB-1394,EIB-1397,EIB-1814,EIB-1817,EIB-1821
ThS. NCS. Nguyễn Anh Tuấn	eib.011@gv.phenikaa.vn	EIB	EIB-BM1	EIB-1383,EIB-1387,EIB-1390,EIB-1394,EIB-1397,EIB-1814,EIB-1817,EIB-1821
ThS. Nguyễn Thành Trung	eib.012@gv.phenikaa.vn	EIB	EIB-BM1	EIB-1384,EIB-1387,EIB-1391,EIB-1394,EIB-1398,EIB-1814,EIB-1818,EIB-1821
ThS. Đặng Thị Ngoan	eib.013@gv.phenikaa.vn	EIB	EIB-BM1	EIB-1384,EIB-1387,EIB-1391,EIB-1394,EIB-1398,EIB-1814,EIB-1818,EIB-1821
PGS.TS. Ngô Hồng Sơn	fad.000@gv.phenikaa.vn	FAD	FAD-BM1	FAD-1476,FAD-1479,FAD-1483,FAD-1486,FAD-1490,FAD-1493,FAD-1865,FAD-1868,FAD-1872
PGS.TS. Phạm Văn Cảnh	fad.001@gv.phenikaa.vn	FAD	FAD-BM1	FAD-1476,FAD-1479,FAD-1483,FAD-1486,FAD-1490,FAD-1493,FAD-1865,FAD-1868,FAD-1872
PGS.TS. Phạm Tiến Lâm	fad.002@gv.phenikaa.vn	FAD	FAD-BM1	FAD-1476,FAD-1480,FAD-1483,FAD-1487,FAD-1490,FAD-1494,FAD-1865,FAD-1869,FAD-1872
TS. Phạm Ngọc Hưng	fad.003@gv.phenikaa.vn	FAD	FAD-BM1	FAD-1476,FAD-1480,FAD-1483,FAD-1487,FAD-1490,FAD-1494,FAD-1865,FAD-1869,FAD-1872
TS. Lê Hoàng Anh	fad.004@gv.phenikaa.vn	FAD	FAD-BM1	FAD-1477,FAD-1480,FAD-1484,FAD-1487,FAD-1491,FAD-1494,FAD-1866,FAD-1869
TS. Mai Xuân Trang	fad.005@gv.phenikaa.vn	FAD	FAD-BM1	FAD-1477,FAD-1480,FAD-1484,FAD-1487,FAD-1491,FAD-1494,FAD-1866,FAD-1869
TS. Trịnh Thanh Bình	fad.006@gv.phenikaa.vn	FAD	FAD-BM1	FAD-1477,FAD-1481,FAD-1484,FAD-1488,FAD-1491,FAD-1863,FAD-1866,FAD-1870
ThS. NCS. Nguyễn Anh Tuấn	fad.007@gv.phenikaa.vn	FAD	FAD-BM1	FAD-1477,FAD-1481,FAD-1484,FAD-1488,FAD-1491,FAD-1863,FAD-1866,FAD-1870
ThS. Nguyễn Thành Trung	fad.008@gv.phenikaa.vn	FAD	FAD-BM1	FAD-1478,FAD-1481,FAD-1485,FAD-1488,FAD-1492,FAD-1863,FAD-1867,FAD-1870
ThS. Đặng Thị Ngoan	fad.009@gv.phenikaa.vn	FAD	FAD-BM1	FAD-1478,FAD-1481,FAD-1485,FAD-1488,FAD-1492,FAD-1863,FAD-1867,FAD-1870
ThS. Lương Tùng Dương	fad.010@gv.phenikaa.vn	FAD	FAD-BM1	FAD-1478,FAD-1482,FAD-1485,FAD-1489,FAD-1492,FAD-1864,FAD-1867,FAD-1871
ThS. Nguyễn Thị Dinh	fad.011@gv.phenikaa.vn	FAD	FAD-BM1	FAD-1478,FAD-1482,FAD-1485,FAD-1489,FAD-1492,FAD-1864,FAD-1867,FAD-1871
ThS. Nguyễn Thị Khánh Trâm	fad.012@gv.phenikaa.vn	FAD	FAD-BM1	FAD-1479,FAD-1482,FAD-1486,FAD-1489,FAD-1493,FAD-1864,FAD-1868,FAD-1871
TS. Nguyễn Lệ Thu	fad.013@gv.phenikaa.vn	FAD	FAD-BM1	FAD-1479,FAD-1482,FAD-1486,FAD-1489,FAD-1493,FAD-1864,FAD-1868,FAD-1871
TS. Phạm Quốc Bảo	fba.000@gv.phenikaa.vn	FBA	FBA-BM1	FBA-1400,FBA-1403,FBA-1407,FBA-1410,FBA-1414,FBA-1417,FBA-1825,FBA-1828,FBA-1832
TS. Phạm Quốc Bảo	fba.001@gv.phenikaa.vn	FBA	FBA-BM1	FBA-1400,FBA-1403,FBA-1407,FBA-1410,FBA-1414,FBA-1417,FBA-1825,FBA-1828,FBA-1832
PGS.TS. Nguyễn Anh Thu	fba.002@gv.phenikaa.vn	FBA	FBA-BM1	FBA-1400,FBA-1404,FBA-1407,FBA-1411,FBA-1414,FBA-1418,FBA-1825,FBA-1829,FBA-1832
TS. Đào Lê Trang Anh	fba.003@gv.phenikaa.vn	FBA	FBA-BM1	FBA-1400,FBA-1404,FBA-1407,FBA-1411,FBA-1414,FBA-1418,FBA-1825,FBA-1829,FBA-1832
PGS.TS. Ngô Hồng Sơn	fba.004@gv.phenikaa.vn	FBA	FBA-BM1	FBA-1401,FBA-1404,FBA-1408,FBA-1411,FBA-1415,FBA-1418,FBA-1826,FBA-1829
PGS.TS. Phạm Văn Cảnh	fba.005@gv.phenikaa.vn	FBA	FBA-BM1	FBA-1401,FBA-1404,FBA-1408,FBA-1411,FBA-1415,FBA-1418,FBA-1826,FBA-1829
PGS.TS. Phạm Tiến Lâm	fba.006@gv.phenikaa.vn	FBA	FBA-BM1	FBA-1401,FBA-1405,FBA-1408,FBA-1412,FBA-1415,FBA-1823,FBA-1826,FBA-1830
TS. Phạm Ngọc Hưng	fba.007@gv.phenikaa.vn	FBA	FBA-BM1	FBA-1401,FBA-1405,FBA-1408,FBA-1412,FBA-1415,FBA-1823,FBA-1826,FBA-1830
TS. Lê Hoàng Anh	fba.008@gv.phenikaa.vn	FBA	FBA-BM1	FBA-1402,FBA-1405,FBA-1409,FBA-1412,FBA-1416,FBA-1823,FBA-1827,FBA-1830
TS. Mai Xuân Trang	fba.009@gv.phenikaa.vn	FBA	FBA-BM1	FBA-1402,FBA-1405,FBA-1409,FBA-1412,FBA-1416,FBA-1823,FBA-1827,FBA-1830
TS. Trịnh Thanh Bình	fba.010@gv.phenikaa.vn	FBA	FBA-BM1	FBA-1402,FBA-1406,FBA-1409,FBA-1413,FBA-1416,FBA-1824,FBA-1827,FBA-1831
ThS. NCS. Nguyễn Anh Tuấn	fba.011@gv.phenikaa.vn	FBA	FBA-BM1	FBA-1402,FBA-1406,FBA-1409,FBA-1413,FBA-1416,FBA-1824,FBA-1827,FBA-1831
ThS. Nguyễn Thành Trung	fba.012@gv.phenikaa.vn	FBA	FBA-BM1	FBA-1403,FBA-1406,FBA-1410,FBA-1413,FBA-1417,FBA-1824,FBA-1828,FBA-1831
ThS. Đặng Thị Ngoan	fba.013@gv.phenikaa.vn	FBA	FBA-BM1	FBA-1403,FBA-1406,FBA-1410,FBA-1413,FBA-1417,FBA-1824,FBA-1828,FBA-1831
TS. Phạm Quốc Bảo	fcl.000@gv.phenikaa.vn	FCL	FCL-BM1	FCL-1248,FCL-1251,FCL-1255,FCL-1258,FCL-1262,FCL-1265,FCL-1745,FCL-1748,FCL-1752
PGS.TS. Ngô Hồng Sơn	fcl.001@gv.phenikaa.vn	FCL	FCL-BM1	FCL-1248,FCL-1251,FCL-1255,FCL-1258,FCL-1262,FCL-1265,FCL-1745,FCL-1748,FCL-1752
PGS.TS. Phạm Văn Cảnh	fcl.002@gv.phenikaa.vn	FCL	FCL-BM1	FCL-1248,FCL-1252,FCL-1255,FCL-1259,FCL-1262,FCL-1266,FCL-1745,FCL-1749,FCL-1752
PGS.TS. Phạm Tiến Lâm	fcl.003@gv.phenikaa.vn	FCL	FCL-BM1	FCL-1248,FCL-1252,FCL-1255,FCL-1259,FCL-1262,FCL-1266,FCL-1745,FCL-1749,FCL-1752
TS. Phạm Ngọc Hưng	fcl.004@gv.phenikaa.vn	FCL	FCL-BM1	FCL-1249,FCL-1252,FCL-1256,FCL-1259,FCL-1263,FCL-1266,FCL-1746,FCL-1749
TS. Lê Hoàng Anh	fcl.005@gv.phenikaa.vn	FCL	FCL-BM1	FCL-1249,FCL-1252,FCL-1256,FCL-1259,FCL-1263,FCL-1266,FCL-1746,FCL-1749
TS. Mai Xuân Trang	fcl.006@gv.phenikaa.vn	FCL	FCL-BM1	FCL-1249,FCL-1253,FCL-1256,FCL-1260,FCL-1263,FCL-1743,FCL-1746,FCL-1750
TS. Trịnh Thanh Bình	fcl.007@gv.phenikaa.vn	FCL	FCL-BM1	FCL-1249,FCL-1253,FCL-1256,FCL-1260,FCL-1263,FCL-1743,FCL-1746,FCL-1750
ThS. NCS. Nguyễn Anh Tuấn	fcl.008@gv.phenikaa.vn	FCL	FCL-BM1	FCL-1250,FCL-1253,FCL-1257,FCL-1260,FCL-1264,FCL-1743,FCL-1747,FCL-1750
ThS. Nguyễn Thành Trung	fcl.009@gv.phenikaa.vn	FCL	FCL-BM1	FCL-1250,FCL-1253,FCL-1257,FCL-1260,FCL-1264,FCL-1743,FCL-1747,FCL-1750
ThS. Đặng Thị Ngoan	fcl.010@gv.phenikaa.vn	FCL	FCL-BM1	FCL-1250,FCL-1254,FCL-1257,FCL-1261,FCL-1264,FCL-1744,FCL-1747,FCL-1751
ThS. Lương Tùng Dương	fcl.011@gv.phenikaa.vn	FCL	FCL-BM1	FCL-1250,FCL-1254,FCL-1257,FCL-1261,FCL-1264,FCL-1744,FCL-1747,FCL-1751
ThS. Nguyễn Thị Dinh	fcl.012@gv.phenikaa.vn	FCL	FCL-BM1	FCL-1251,FCL-1254,FCL-1258,FCL-1261,FCL-1265,FCL-1744,FCL-1748,FCL-1751
ThS. Nguyễn Thị Khánh Trâm	fcl.013@gv.phenikaa.vn	FCL	FCL-BM1	FCL-1251,FCL-1254,FCL-1258,FCL-1261,FCL-1265,FCL-1744,FCL-1748,FCL-1751
PGS.TS. Ngô Hồng Sơn	fcs.000@gv.phenikaa.vn	FCS	FCS-BM1	FCS-1457,FCS-1466,FCS-1853,FCS-1862
PGS.TS. Phạm Văn Cảnh	fcs.001@gv.phenikaa.vn	FCS	FCS-BM1	FCS-1457,FCS-1466,FCS-1853,FCS-1862
PGS.TS. Phạm Tiến Lâm	fcs.002@gv.phenikaa.vn	FCS	FCS-BM1	FCS-1457,FCS-1467,FCS-1853
TS. Phạm Ngọc Hưng	fcs.003@gv.phenikaa.vn	FCS	FCS-BM1	FCS-1457,FCS-1467,FCS-1853
TS. Lê Hoàng Anh	fcs.004@gv.phenikaa.vn	FCS	FCS-BM1	FCS-1458,FCS-1467,FCS-1854
TS. Mai Xuân Trang	fcs.005@gv.phenikaa.vn	FCS	FCS-BM1	FCS-1458,FCS-1467,FCS-1854
TS. Trịnh Thanh Bình	fcs.006@gv.phenikaa.vn	FCS	FCS-BM1	FCS-1458,FCS-1468,FCS-1854
ThS. NCS. Nguyễn Anh Tuấn	fcs.007@gv.phenikaa.vn	FCS	FCS-BM1	FCS-1458,FCS-1468,FCS-1854
ThS. Nguyễn Thành Trung	fcs.008@gv.phenikaa.vn	FCS	FCS-BM1	FCS-1459,FCS-1468,FCS-1855
ThS. Đặng Thị Ngoan	fcs.009@gv.phenikaa.vn	FCS	FCS-BM1	FCS-1459,FCS-1468,FCS-1855
ThS. Lương Tùng Dương	fcs.010@gv.phenikaa.vn	FCS	FCS-BM1	FCS-1459,FCS-1469,FCS-1855
ThS. Nguyễn Thị Dinh	fcs.011@gv.phenikaa.vn	FCS	FCS-BM1	FCS-1459,FCS-1469,FCS-1855
ThS. Nguyễn Thị Khánh Trâm	fcs.012@gv.phenikaa.vn	FCS	FCS-BM1	FCS-1460,FCS-1469,FCS-1856
TS. Nguyễn Lệ Thu	fcs.013@gv.phenikaa.vn	FCS	FCS-BM1	FCS-1460,FCS-1469,FCS-1856
TS. Nguyễn Thanh Bình	fcs.014@gv.phenikaa.vn	FCS	FCS-BM1	FCS-1460,FCS-1470,FCS-1856
TS. Đặng Thị Thuỷ An	fcs.015@gv.phenikaa.vn	FCS	FCS-BM1	FCS-1460,FCS-1470,FCS-1856
TS. Trịnh Thành	fcs.016@gv.phenikaa.vn	FCS	FCS-BM1	FCS-1461,FCS-1470,FCS-1857
ThS. Nguyễn Văn Thiều	fcs.017@gv.phenikaa.vn	FCS	FCS-BM1	FCS-1461,FCS-1470,FCS-1857
TS. Đỗ Quốc Trương	fcs.018@gv.phenikaa.vn	FCS	FCS-BM1	FCS-1461,FCS-1471,FCS-1857
TS. Nguyễn Ngọc Giang	fcs.019@gv.phenikaa.vn	FCS	FCS-BM1	FCS-1461,FCS-1471,FCS-1857
TS. Nguyễn Văn Duy	fcs.020@gv.phenikaa.vn	FCS	FCS-BM1	FCS-1462,FCS-1471,FCS-1858
TS. Phạm Văn Hà	fcs.021@gv.phenikaa.vn	FCS	FCS-BM1	FCS-1462,FCS-1471,FCS-1858
ThS. Nguyễn Văn Sơn	fcs.022@gv.phenikaa.vn	FCS	FCS-BM1	FCS-1462,FCS-1472,FCS-1858
ThS. Phạm Kim Thành	fcs.023@gv.phenikaa.vn	FCS	FCS-BM1	FCS-1462,FCS-1472,FCS-1858
TS. Bùi Huy Toàn	fcs.024@gv.phenikaa.vn	FCS	FCS-BM1	FCS-1463,FCS-1472,FCS-1859
ThS. Nguyễn Ngọc Hùng	fcs.025@gv.phenikaa.vn	FCS	FCS-BM1	FCS-1463,FCS-1472,FCS-1859
ThS. Vũ Thị Kiều Anh	fcs.026@gv.phenikaa.vn	FCS	FCS-BM1	FCS-1463,FCS-1473,FCS-1859
ThS. Bùi Anh Tuấn	fcs.027@gv.phenikaa.vn	FCS	FCS-BM1	FCS-1463,FCS-1473,FCS-1859
TS. Tạ Thuỷ Anh	fcs.028@gv.phenikaa.vn	FCS	FCS-BM1	FCS-1464,FCS-1473,FCS-1860
TS. Dương Thị Kim Huyền	fcs.029@gv.phenikaa.vn	FCS	FCS-BM1	FCS-1464,FCS-1473,FCS-1860
ThS. Trần Đình Tân	fcs.030@gv.phenikaa.vn	FCS	FCS-BM1	FCS-1464,FCS-1474,FCS-1860
ThS. Phạm Trung Dũng	fcs.031@gv.phenikaa.vn	FCS	FCS-BM1	FCS-1464,FCS-1474,FCS-1860
ThS. Nguyễn Hữu Đạt	fcs.032@gv.phenikaa.vn	FCS	FCS-BM1	FCS-1465,FCS-1474,FCS-1861
ThS. Nguyễn Thị Định	fcs.033@gv.phenikaa.vn	FCS	FCS-BM1	FCS-1465,FCS-1474,FCS-1861
ThS. Lã Văn Quân	fcs.034@gv.phenikaa.vn	FCS	FCS-BM1	FCS-1465,FCS-1475,FCS-1861
ThS. Phạm Hoàng Giang	fcs.035@gv.phenikaa.vn	FCS	FCS-BM1	FCS-1465,FCS-1475,FCS-1861
ThS. Nguyễn Minh Anh	fcs.036@gv.phenikaa.vn	FCS	FCS-BM1	FCS-1466,FCS-1475,FCS-1862
TS. Mai Thúy Nga	fcs.037@gv.phenikaa.vn	FCS	FCS-BM1	FCS-1466,FCS-1475,FCS-1862
TS. Đào Lê Trang Anh	ffa.000@gv.phenikaa.vn	FFA	FFA-BM1	FFA-1419,FFA-1422,FFA-1426,FFA-1429,FFA-1433,FFA-1436,FFA-1835,FFA-1838,FFA-1842
TS. Phạm Quốc Bảo	ffa.001@gv.phenikaa.vn	FFA	FFA-BM1	FFA-1419,FFA-1422,FFA-1426,FFA-1429,FFA-1433,FFA-1436,FFA-1835,FFA-1838,FFA-1842
PGS.TS. Nguyễn Anh Thu	ffa.002@gv.phenikaa.vn	FFA	FFA-BM1	FFA-1419,FFA-1423,FFA-1426,FFA-1430,FFA-1433,FFA-1437,FFA-1835,FFA-1839,FFA-1842
TS. Đào Lê Trang Anh	ffa.003@gv.phenikaa.vn	FFA	FFA-BM1	FFA-1419,FFA-1423,FFA-1426,FFA-1430,FFA-1433,FFA-1437,FFA-1835,FFA-1839,FFA-1842
PGS.TS. Ngô Hồng Sơn	ffa.004@gv.phenikaa.vn	FFA	FFA-BM1	FFA-1420,FFA-1423,FFA-1427,FFA-1430,FFA-1434,FFA-1437,FFA-1836,FFA-1839
PGS.TS. Phạm Văn Cảnh	ffa.005@gv.phenikaa.vn	FFA	FFA-BM1	FFA-1420,FFA-1423,FFA-1427,FFA-1430,FFA-1434,FFA-1437,FFA-1836,FFA-1839
PGS.TS. Phạm Tiến Lâm	ffa.006@gv.phenikaa.vn	FFA	FFA-BM1	FFA-1420,FFA-1424,FFA-1427,FFA-1431,FFA-1434,FFA-1833,FFA-1836,FFA-1840
TS. Phạm Ngọc Hưng	ffa.007@gv.phenikaa.vn	FFA	FFA-BM1	FFA-1420,FFA-1424,FFA-1427,FFA-1431,FFA-1434,FFA-1833,FFA-1836,FFA-1840
TS. Lê Hoàng Anh	ffa.008@gv.phenikaa.vn	FFA	FFA-BM1	FFA-1421,FFA-1424,FFA-1428,FFA-1431,FFA-1435,FFA-1833,FFA-1837,FFA-1840
TS. Mai Xuân Trang	ffa.009@gv.phenikaa.vn	FFA	FFA-BM1	FFA-1421,FFA-1424,FFA-1428,FFA-1431,FFA-1435,FFA-1833,FFA-1837,FFA-1840
TS. Trịnh Thanh Bình	ffa.010@gv.phenikaa.vn	FFA	FFA-BM1	FFA-1421,FFA-1425,FFA-1428,FFA-1432,FFA-1435,FFA-1834,FFA-1837,FFA-1841
ThS. NCS. Nguyễn Anh Tuấn	ffa.011@gv.phenikaa.vn	FFA	FFA-BM1	FFA-1421,FFA-1425,FFA-1428,FFA-1432,FFA-1435,FFA-1834,FFA-1837,FFA-1841
ThS. Nguyễn Thành Trung	ffa.012@gv.phenikaa.vn	FFA	FFA-BM1	FFA-1422,FFA-1425,FFA-1429,FFA-1432,FFA-1436,FFA-1834,FFA-1838,FFA-1841
ThS. Đặng Thị Ngoan	ffa.013@gv.phenikaa.vn	FFA	FFA-BM1	FFA-1422,FFA-1425,FFA-1429,FFA-1432,FFA-1436,FFA-1834,FFA-1838,FFA-1841
TS. Phạm Quốc Bảo	ffl.000@gv.phenikaa.vn	FFL	FFL-BM1	FFL-1229,FFL-1232,FFL-1236,FFL-1239,FFL-1243,FFL-1246,FFL-1735,FFL-1738,FFL-1742
PGS.TS. Ngô Hồng Sơn	ffl.001@gv.phenikaa.vn	FFL	FFL-BM1	FFL-1229,FFL-1232,FFL-1236,FFL-1239,FFL-1243,FFL-1246,FFL-1735,FFL-1738,FFL-1742
PGS.TS. Phạm Văn Cảnh	ffl.002@gv.phenikaa.vn	FFL	FFL-BM1	FFL-1229,FFL-1233,FFL-1236,FFL-1240,FFL-1243,FFL-1247,FFL-1735,FFL-1739,FFL-1742
PGS.TS. Phạm Tiến Lâm	ffl.003@gv.phenikaa.vn	FFL	FFL-BM1	FFL-1229,FFL-1233,FFL-1236,FFL-1240,FFL-1243,FFL-1247,FFL-1735,FFL-1739,FFL-1742
TS. Phạm Ngọc Hưng	ffl.004@gv.phenikaa.vn	FFL	FFL-BM1	FFL-1230,FFL-1233,FFL-1237,FFL-1240,FFL-1244,FFL-1247,FFL-1736,FFL-1739
TS. Lê Hoàng Anh	ffl.005@gv.phenikaa.vn	FFL	FFL-BM1	FFL-1230,FFL-1233,FFL-1237,FFL-1240,FFL-1244,FFL-1247,FFL-1736,FFL-1739
TS. Mai Xuân Trang	ffl.006@gv.phenikaa.vn	FFL	FFL-BM1	FFL-1230,FFL-1234,FFL-1237,FFL-1241,FFL-1244,FFL-1733,FFL-1736,FFL-1740
TS. Trịnh Thanh Bình	ffl.007@gv.phenikaa.vn	FFL	FFL-BM1	FFL-1230,FFL-1234,FFL-1237,FFL-1241,FFL-1244,FFL-1733,FFL-1736,FFL-1740
ThS. NCS. Nguyễn Anh Tuấn	ffl.008@gv.phenikaa.vn	FFL	FFL-BM1	FFL-1231,FFL-1234,FFL-1238,FFL-1241,FFL-1245,FFL-1733,FFL-1737,FFL-1740
ThS. Nguyễn Thành Trung	ffl.009@gv.phenikaa.vn	FFL	FFL-BM1	FFL-1231,FFL-1234,FFL-1238,FFL-1241,FFL-1245,FFL-1733,FFL-1737,FFL-1740
ThS. Đặng Thị Ngoan	ffl.010@gv.phenikaa.vn	FFL	FFL-BM1	FFL-1231,FFL-1235,FFL-1238,FFL-1242,FFL-1245,FFL-1734,FFL-1737,FFL-1741
ThS. Lương Tùng Dương	ffl.011@gv.phenikaa.vn	FFL	FFL-BM1	FFL-1231,FFL-1235,FFL-1238,FFL-1242,FFL-1245,FFL-1734,FFL-1737,FFL-1741
ThS. Nguyễn Thị Dinh	ffl.012@gv.phenikaa.vn	FFL	FFL-BM1	FFL-1232,FFL-1235,FFL-1239,FFL-1242,FFL-1246,FFL-1734,FFL-1738,FFL-1741
ThS. Nguyễn Thị Khánh Trâm	ffl.013@gv.phenikaa.vn	FFL	FFL-BM1	FFL-1232,FFL-1235,FFL-1239,FFL-1242,FFL-1246,FFL-1734,FFL-1738,FFL-1741
TS. Phạm Quốc Bảo	ffs.000@gv.phenikaa.vn	FFS	FFS-BM1	FFS-1495,FFS-1498,FFS-1502,FFS-1505,FFS-1509,FFS-1512,FFS-1603,FFS-1606,FFS-1610,FFS-1875,FFS-1879,FFS-1882
PGS.TS. Ngô Hồng Sơn	ffs.001@gv.phenikaa.vn	FFS	FFS-BM1	FFS-1495,FFS-1498,FFS-1502,FFS-1505,FFS-1509,FFS-1512,FFS-1603,FFS-1606,FFS-1610,FFS-1875,FFS-1879,FFS-1882
PGS.TS. Phạm Văn Cảnh	ffs.002@gv.phenikaa.vn	FFS	FFS-BM1	FFS-1495,FFS-1499,FFS-1502,FFS-1506,FFS-1509,FFS-1513,FFS-1603,FFS-1607,FFS-1610,FFS-1876,FFS-1879
PGS.TS. Phạm Tiến Lâm	ffs.003@gv.phenikaa.vn	FFS	FFS-BM1	FFS-1495,FFS-1499,FFS-1502,FFS-1506,FFS-1509,FFS-1513,FFS-1603,FFS-1607,FFS-1610,FFS-1876,FFS-1879
TS. Phạm Ngọc Hưng	ffs.004@gv.phenikaa.vn	FFS	FFS-BM1	FFS-1496,FFS-1499,FFS-1503,FFS-1506,FFS-1510,FFS-1513,FFS-1604,FFS-1607,FFS-1873,FFS-1876,FFS-1880
TS. Lê Hoàng Anh	ffs.005@gv.phenikaa.vn	FFS	FFS-BM1	FFS-1496,FFS-1499,FFS-1503,FFS-1506,FFS-1510,FFS-1513,FFS-1604,FFS-1607,FFS-1873,FFS-1876,FFS-1880
TS. Mai Xuân Trang	ffs.006@gv.phenikaa.vn	FFS	FFS-BM1	FFS-1496,FFS-1500,FFS-1503,FFS-1507,FFS-1510,FFS-1601,FFS-1604,FFS-1608,FFS-1873,FFS-1877,FFS-1880
TS. Trịnh Thanh Bình	ffs.007@gv.phenikaa.vn	FFS	FFS-BM1	FFS-1496,FFS-1500,FFS-1503,FFS-1507,FFS-1510,FFS-1601,FFS-1604,FFS-1608,FFS-1873,FFS-1877,FFS-1880
ThS. NCS. Nguyễn Anh Tuấn	ffs.008@gv.phenikaa.vn	FFS	FFS-BM1	FFS-1497,FFS-1500,FFS-1504,FFS-1507,FFS-1511,FFS-1601,FFS-1605,FFS-1608,FFS-1874,FFS-1877,FFS-1881
ThS. Nguyễn Thành Trung	ffs.009@gv.phenikaa.vn	FFS	FFS-BM1	FFS-1497,FFS-1500,FFS-1504,FFS-1507,FFS-1511,FFS-1601,FFS-1605,FFS-1608,FFS-1874,FFS-1877,FFS-1881
ThS. Đặng Thị Ngoan	ffs.010@gv.phenikaa.vn	FFS	FFS-BM1	FFS-1497,FFS-1501,FFS-1504,FFS-1508,FFS-1511,FFS-1602,FFS-1605,FFS-1609,FFS-1874,FFS-1878,FFS-1881
ThS. Lương Tùng Dương	ffs.011@gv.phenikaa.vn	FFS	FFS-BM1	FFS-1497,FFS-1501,FFS-1504,FFS-1508,FFS-1511,FFS-1602,FFS-1605,FFS-1609,FFS-1874,FFS-1878,FFS-1881
ThS. Nguyễn Thị Dinh	ffs.012@gv.phenikaa.vn	FFS	FFS-BM1	FFS-1498,FFS-1501,FFS-1505,FFS-1508,FFS-1512,FFS-1602,FFS-1606,FFS-1609,FFS-1875,FFS-1878,FFS-1882
ThS. Nguyễn Thị Khánh Trâm	ffs.013@gv.phenikaa.vn	FFS	FFS-BM1	FFS-1498,FFS-1501,FFS-1505,FFS-1508,FFS-1512,FFS-1602,FFS-1606,FFS-1609,FFS-1875,FFS-1878,FFS-1882
TS. Phạm Quốc Bảo	fidt.000@gv.phenikaa.vn	FIDT	FIDT-BM1	FIDT-1533,FIDT-1536,FIDT-1540,FIDT-1543,FIDT-1547,FIDT-1550,FIDT-1896,FIDT-1899
PGS.TS. Nguyễn Anh Thu	fidt.001@gv.phenikaa.vn	FIDT	FIDT-BM1	FIDT-1533,FIDT-1536,FIDT-1540,FIDT-1543,FIDT-1547,FIDT-1550,FIDT-1896,FIDT-1899
TS. Đào Lê Trang Anh	fidt.002@gv.phenikaa.vn	FIDT	FIDT-BM1	FIDT-1533,FIDT-1537,FIDT-1540,FIDT-1544,FIDT-1547,FIDT-1893,FIDT-1896,FIDT-1900
PGS.TS. Ngô Hồng Sơn	fidt.003@gv.phenikaa.vn	FIDT	FIDT-BM1	FIDT-1533,FIDT-1537,FIDT-1540,FIDT-1544,FIDT-1547,FIDT-1893,FIDT-1896,FIDT-1900
PGS.TS. Phạm Văn Cảnh	fidt.004@gv.phenikaa.vn	FIDT	FIDT-BM1	FIDT-1534,FIDT-1537,FIDT-1541,FIDT-1544,FIDT-1548,FIDT-1893,FIDT-1897,FIDT-1900
PGS.TS. Phạm Tiến Lâm	fidt.005@gv.phenikaa.vn	FIDT	FIDT-BM1	FIDT-1534,FIDT-1537,FIDT-1541,FIDT-1544,FIDT-1548,FIDT-1893,FIDT-1897,FIDT-1900
TS. Phạm Ngọc Hưng	fidt.006@gv.phenikaa.vn	FIDT	FIDT-BM1	FIDT-1534,FIDT-1538,FIDT-1541,FIDT-1545,FIDT-1548,FIDT-1894,FIDT-1897,FIDT-1901
TS. Lê Hoàng Anh	fidt.007@gv.phenikaa.vn	FIDT	FIDT-BM1	FIDT-1534,FIDT-1538,FIDT-1541,FIDT-1545,FIDT-1548,FIDT-1894,FIDT-1897,FIDT-1901
TS. Mai Xuân Trang	fidt.008@gv.phenikaa.vn	FIDT	FIDT-BM1	FIDT-1535,FIDT-1538,FIDT-1542,FIDT-1545,FIDT-1549,FIDT-1894,FIDT-1898,FIDT-1901
TS. Trịnh Thanh Bình	fidt.009@gv.phenikaa.vn	FIDT	FIDT-BM1	FIDT-1535,FIDT-1538,FIDT-1542,FIDT-1545,FIDT-1549,FIDT-1894,FIDT-1898,FIDT-1901
ThS. NCS. Nguyễn Anh Tuấn	fidt.010@gv.phenikaa.vn	FIDT	FIDT-BM1	FIDT-1535,FIDT-1539,FIDT-1542,FIDT-1546,FIDT-1549,FIDT-1895,FIDT-1898,FIDT-1902
ThS. Nguyễn Thành Trung	fidt.011@gv.phenikaa.vn	FIDT	FIDT-BM1	FIDT-1535,FIDT-1539,FIDT-1542,FIDT-1546,FIDT-1549,FIDT-1895,FIDT-1898,FIDT-1902
ThS. Đặng Thị Ngoan	fidt.012@gv.phenikaa.vn	FIDT	FIDT-BM1	FIDT-1536,FIDT-1539,FIDT-1543,FIDT-1546,FIDT-1550,FIDT-1895,FIDT-1899,FIDT-1902
ThS. Lương Tùng Dương	fidt.013@gv.phenikaa.vn	FIDT	FIDT-BM1	FIDT-1536,FIDT-1539,FIDT-1543,FIDT-1546,FIDT-1550,FIDT-1895,FIDT-1899,FIDT-1902
PGS.TS. Ngô Hồng Sơn	fis.000@gv.phenikaa.vn	FIS	FIS-BM1	FIS-1438,FIS-1441,FIS-1445,FIS-1448,FIS-1452,FIS-1455,FIS-1845,FIS-1848,FIS-1852
PGS.TS. Phạm Văn Cảnh	fis.001@gv.phenikaa.vn	FIS	FIS-BM1	FIS-1438,FIS-1441,FIS-1445,FIS-1448,FIS-1452,FIS-1455,FIS-1845,FIS-1848,FIS-1852
PGS.TS. Phạm Tiến Lâm	fis.002@gv.phenikaa.vn	FIS	FIS-BM1	FIS-1438,FIS-1442,FIS-1445,FIS-1449,FIS-1452,FIS-1456,FIS-1845,FIS-1849,FIS-1852
TS. Phạm Ngọc Hưng	fis.003@gv.phenikaa.vn	FIS	FIS-BM1	FIS-1438,FIS-1442,FIS-1445,FIS-1449,FIS-1452,FIS-1456,FIS-1845,FIS-1849,FIS-1852
TS. Lê Hoàng Anh	fis.004@gv.phenikaa.vn	FIS	FIS-BM1	FIS-1439,FIS-1442,FIS-1446,FIS-1449,FIS-1453,FIS-1456,FIS-1846,FIS-1849
TS. Mai Xuân Trang	fis.005@gv.phenikaa.vn	FIS	FIS-BM1	FIS-1439,FIS-1442,FIS-1446,FIS-1449,FIS-1453,FIS-1456,FIS-1846,FIS-1849
TS. Trịnh Thanh Bình	fis.006@gv.phenikaa.vn	FIS	FIS-BM1	FIS-1439,FIS-1443,FIS-1446,FIS-1450,FIS-1453,FIS-1843,FIS-1846,FIS-1850
ThS. NCS. Nguyễn Anh Tuấn	fis.007@gv.phenikaa.vn	FIS	FIS-BM1	FIS-1439,FIS-1443,FIS-1446,FIS-1450,FIS-1453,FIS-1843,FIS-1846,FIS-1850
ThS. Nguyễn Thành Trung	fis.008@gv.phenikaa.vn	FIS	FIS-BM1	FIS-1440,FIS-1443,FIS-1447,FIS-1450,FIS-1454,FIS-1843,FIS-1847,FIS-1850
ThS. Đặng Thị Ngoan	fis.009@gv.phenikaa.vn	FIS	FIS-BM1	FIS-1440,FIS-1443,FIS-1447,FIS-1450,FIS-1454,FIS-1843,FIS-1847,FIS-1850
ThS. Lương Tùng Dương	fis.010@gv.phenikaa.vn	FIS	FIS-BM1	FIS-1440,FIS-1444,FIS-1447,FIS-1451,FIS-1454,FIS-1844,FIS-1847,FIS-1851
ThS. Nguyễn Thị Dinh	fis.011@gv.phenikaa.vn	FIS	FIS-BM1	FIS-1440,FIS-1444,FIS-1447,FIS-1451,FIS-1454,FIS-1844,FIS-1847,FIS-1851
ThS. Nguyễn Thị Khánh Trâm	fis.012@gv.phenikaa.vn	FIS	FIS-BM1	FIS-1441,FIS-1444,FIS-1448,FIS-1451,FIS-1455,FIS-1844,FIS-1848,FIS-1851
TS. Nguyễn Lệ Thu	fis.013@gv.phenikaa.vn	FIS	FIS-BM1	FIS-1441,FIS-1444,FIS-1448,FIS-1451,FIS-1455,FIS-1844,FIS-1848,FIS-1851
TS. Phạm Quốc Bảo	fjl.000@gv.phenikaa.vn	FJL	FJL-BM1	FJL-1210,FJL-1213,FJL-1217,FJL-1220,FJL-1224,FJL-1227,FJL-1725,FJL-1728,FJL-1732
PGS.TS. Ngô Hồng Sơn	fjl.001@gv.phenikaa.vn	FJL	FJL-BM1	FJL-1210,FJL-1213,FJL-1217,FJL-1220,FJL-1224,FJL-1227,FJL-1725,FJL-1728,FJL-1732
PGS.TS. Phạm Văn Cảnh	fjl.002@gv.phenikaa.vn	FJL	FJL-BM1	FJL-1210,FJL-1214,FJL-1217,FJL-1221,FJL-1224,FJL-1228,FJL-1725,FJL-1729,FJL-1732
PGS.TS. Phạm Tiến Lâm	fjl.003@gv.phenikaa.vn	FJL	FJL-BM1	FJL-1210,FJL-1214,FJL-1217,FJL-1221,FJL-1224,FJL-1228,FJL-1725,FJL-1729,FJL-1732
TS. Phạm Ngọc Hưng	fjl.004@gv.phenikaa.vn	FJL	FJL-BM1	FJL-1211,FJL-1214,FJL-1218,FJL-1221,FJL-1225,FJL-1228,FJL-1726,FJL-1729
TS. Lê Hoàng Anh	fjl.005@gv.phenikaa.vn	FJL	FJL-BM1	FJL-1211,FJL-1214,FJL-1218,FJL-1221,FJL-1225,FJL-1228,FJL-1726,FJL-1729
TS. Mai Xuân Trang	fjl.006@gv.phenikaa.vn	FJL	FJL-BM1	FJL-1211,FJL-1215,FJL-1218,FJL-1222,FJL-1225,FJL-1723,FJL-1726,FJL-1730
TS. Trịnh Thanh Bình	fjl.007@gv.phenikaa.vn	FJL	FJL-BM1	FJL-1211,FJL-1215,FJL-1218,FJL-1222,FJL-1225,FJL-1723,FJL-1726,FJL-1730
ThS. NCS. Nguyễn Anh Tuấn	fjl.008@gv.phenikaa.vn	FJL	FJL-BM1	FJL-1212,FJL-1215,FJL-1219,FJL-1222,FJL-1226,FJL-1723,FJL-1727,FJL-1730
ThS. Nguyễn Thành Trung	fjl.009@gv.phenikaa.vn	FJL	FJL-BM1	FJL-1212,FJL-1215,FJL-1219,FJL-1222,FJL-1226,FJL-1723,FJL-1727,FJL-1730
ThS. Đặng Thị Ngoan	fjl.010@gv.phenikaa.vn	FJL	FJL-BM1	FJL-1212,FJL-1216,FJL-1219,FJL-1223,FJL-1226,FJL-1724,FJL-1727,FJL-1731
ThS. Lương Tùng Dương	fjl.011@gv.phenikaa.vn	FJL	FJL-BM1	FJL-1212,FJL-1216,FJL-1219,FJL-1223,FJL-1226,FJL-1724,FJL-1727,FJL-1731
ThS. Nguyễn Thị Dinh	fjl.012@gv.phenikaa.vn	FJL	FJL-BM1	FJL-1213,FJL-1216,FJL-1220,FJL-1223,FJL-1227,FJL-1724,FJL-1728,FJL-1731
ThS. Nguyễn Thị Khánh Trâm	fjl.013@gv.phenikaa.vn	FJL	FJL-BM1	FJL-1213,FJL-1216,FJL-1220,FJL-1223,FJL-1227,FJL-1724,FJL-1728,FJL-1731
TS. Phạm Quốc Bảo	fkl.000@gv.phenikaa.vn	FKL	FKL-BM1	FKL-1191,FKL-1194,FKL-1198,FKL-1201,FKL-1205,FKL-1208,FKL-1715,FKL-1718,FKL-1722
PGS.TS. Ngô Hồng Sơn	fkl.001@gv.phenikaa.vn	FKL	FKL-BM1	FKL-1191,FKL-1194,FKL-1198,FKL-1201,FKL-1205,FKL-1208,FKL-1715,FKL-1718,FKL-1722
PGS.TS. Phạm Văn Cảnh	fkl.002@gv.phenikaa.vn	FKL	FKL-BM1	FKL-1191,FKL-1195,FKL-1198,FKL-1202,FKL-1205,FKL-1209,FKL-1715,FKL-1719,FKL-1722
PGS.TS. Phạm Tiến Lâm	fkl.003@gv.phenikaa.vn	FKL	FKL-BM1	FKL-1191,FKL-1195,FKL-1198,FKL-1202,FKL-1205,FKL-1209,FKL-1715,FKL-1719,FKL-1722
TS. Phạm Ngọc Hưng	fkl.004@gv.phenikaa.vn	FKL	FKL-BM1	FKL-1192,FKL-1195,FKL-1199,FKL-1202,FKL-1206,FKL-1209,FKL-1716,FKL-1719
TS. Lê Hoàng Anh	fkl.005@gv.phenikaa.vn	FKL	FKL-BM1	FKL-1192,FKL-1195,FKL-1199,FKL-1202,FKL-1206,FKL-1209,FKL-1716,FKL-1719
TS. Mai Xuân Trang	fkl.006@gv.phenikaa.vn	FKL	FKL-BM1	FKL-1192,FKL-1196,FKL-1199,FKL-1203,FKL-1206,FKL-1713,FKL-1716,FKL-1720
TS. Trịnh Thanh Bình	fkl.007@gv.phenikaa.vn	FKL	FKL-BM1	FKL-1192,FKL-1196,FKL-1199,FKL-1203,FKL-1206,FKL-1713,FKL-1716,FKL-1720
ThS. NCS. Nguyễn Anh Tuấn	fkl.008@gv.phenikaa.vn	FKL	FKL-BM1	FKL-1193,FKL-1196,FKL-1200,FKL-1203,FKL-1207,FKL-1713,FKL-1717,FKL-1720
ThS. Nguyễn Thành Trung	fkl.009@gv.phenikaa.vn	FKL	FKL-BM1	FKL-1193,FKL-1196,FKL-1200,FKL-1203,FKL-1207,FKL-1713,FKL-1717,FKL-1720
ThS. Đặng Thị Ngoan	fkl.010@gv.phenikaa.vn	FKL	FKL-BM1	FKL-1193,FKL-1197,FKL-1200,FKL-1204,FKL-1207,FKL-1714,FKL-1717,FKL-1721
ThS. Lương Tùng Dương	fkl.011@gv.phenikaa.vn	FKL	FKL-BM1	FKL-1193,FKL-1197,FKL-1200,FKL-1204,FKL-1207,FKL-1714,FKL-1717,FKL-1721
ThS. Nguyễn Thị Dinh	fkl.012@gv.phenikaa.vn	FKL	FKL-BM1	FKL-1194,FKL-1197,FKL-1201,FKL-1204,FKL-1208,FKL-1714,FKL-1718,FKL-1721
ThS. Nguyễn Thị Khánh Trâm	fkl.013@gv.phenikaa.vn	FKL	FKL-BM1	FKL-1194,FKL-1197,FKL-1201,FKL-1204,FKL-1208,FKL-1714,FKL-1718,FKL-1721
TS. Phạm Quốc Bảo	fl.000@gv.phenikaa.vn	FL	FL-BM1	FL-1172,FL-1175,FL-1179,FL-1182,FL-1186,FL-1189,FL-1705,FL-1708,FL-1712
PGS.TS. Ngô Hồng Sơn	fl.001@gv.phenikaa.vn	FL	FL-BM1	FL-1172,FL-1175,FL-1179,FL-1182,FL-1186,FL-1189,FL-1705,FL-1708,FL-1712
PGS.TS. Phạm Văn Cảnh	fl.002@gv.phenikaa.vn	FL	FL-BM1	FL-1172,FL-1176,FL-1179,FL-1183,FL-1186,FL-1190,FL-1705,FL-1709,FL-1712
PGS.TS. Phạm Tiến Lâm	fl.003@gv.phenikaa.vn	FL	FL-BM1	FL-1172,FL-1176,FL-1179,FL-1183,FL-1186,FL-1190,FL-1705,FL-1709,FL-1712
TS. Phạm Ngọc Hưng	fl.004@gv.phenikaa.vn	FL	FL-BM1	FL-1173,FL-1176,FL-1180,FL-1183,FL-1187,FL-1190,FL-1706,FL-1709
TS. Lê Hoàng Anh	fl.005@gv.phenikaa.vn	FL	FL-BM1	FL-1173,FL-1176,FL-1180,FL-1183,FL-1187,FL-1190,FL-1706,FL-1709
TS. Mai Xuân Trang	fl.006@gv.phenikaa.vn	FL	FL-BM1	FL-1173,FL-1177,FL-1180,FL-1184,FL-1187,FL-1703,FL-1706,FL-1710
TS. Trịnh Thanh Bình	fl.007@gv.phenikaa.vn	FL	FL-BM1	FL-1173,FL-1177,FL-1180,FL-1184,FL-1187,FL-1703,FL-1706,FL-1710
ThS. NCS. Nguyễn Anh Tuấn	fl.008@gv.phenikaa.vn	FL	FL-BM1	FL-1174,FL-1177,FL-1181,FL-1184,FL-1188,FL-1703,FL-1707,FL-1710
ThS. Nguyễn Thành Trung	fl.009@gv.phenikaa.vn	FL	FL-BM1	FL-1174,FL-1177,FL-1181,FL-1184,FL-1188,FL-1703,FL-1707,FL-1710
ThS. Đặng Thị Ngoan	fl.010@gv.phenikaa.vn	FL	FL-BM1	FL-1174,FL-1178,FL-1181,FL-1185,FL-1188,FL-1704,FL-1707,FL-1711
ThS. Lương Tùng Dương	fl.011@gv.phenikaa.vn	FL	FL-BM1	FL-1174,FL-1178,FL-1181,FL-1185,FL-1188,FL-1704,FL-1707,FL-1711
ThS. Nguyễn Thị Dinh	fl.012@gv.phenikaa.vn	FL	FL-BM1	FL-1175,FL-1178,FL-1182,FL-1185,FL-1189,FL-1704,FL-1708,FL-1711
ThS. Nguyễn Thị Khánh Trâm	fl.013@gv.phenikaa.vn	FL	FL-BM1	FL-1175,FL-1178,FL-1182,FL-1185,FL-1189,FL-1704,FL-1708,FL-1711
TS. Hoàng Thị Hương	fn.000@gv.phenikaa.vn	FN	FN-BM1	FN-1020,FN-1023,FN-1027,FN-1030,FN-1034,FN-1037,FN-1625,FN-1628,FN-1632
TS. Hoàng Thị Hương	fn.001@gv.phenikaa.vn	FN	FN-BM1	FN-1020,FN-1023,FN-1027,FN-1030,FN-1034,FN-1037,FN-1625,FN-1628,FN-1632
PGS. Nguyễn Văn Hưng	fn.002@gv.phenikaa.vn	FN	FN-BM1	FN-1020,FN-1024,FN-1027,FN-1031,FN-1034,FN-1038,FN-1625,FN-1629,FN-1632
TS. Phạm Thị Vân	fn.003@gv.phenikaa.vn	FN	FN-BM1	FN-1020,FN-1024,FN-1027,FN-1031,FN-1034,FN-1038,FN-1625,FN-1629,FN-1632
PGS. Dương Thị Ly Hương	fn.004@gv.phenikaa.vn	FN	FN-BM1	FN-1021,FN-1024,FN-1028,FN-1031,FN-1035,FN-1038,FN-1626,FN-1629
TS. Hoàng Thị Hương	fn.005@gv.phenikaa.vn	FN	FN-BM1	FN-1021,FN-1024,FN-1028,FN-1031,FN-1035,FN-1038,FN-1626,FN-1629
PGS. Nguyễn Văn Hưng	fn.006@gv.phenikaa.vn	FN	FN-BM1	FN-1021,FN-1025,FN-1028,FN-1032,FN-1035,FN-1623,FN-1626,FN-1630
TS. Phạm Thị Vân	fn.007@gv.phenikaa.vn	FN	FN-BM1	FN-1021,FN-1025,FN-1028,FN-1032,FN-1035,FN-1623,FN-1626,FN-1630
PGS. Dương Thị Ly Hương	fn.008@gv.phenikaa.vn	FN	FN-BM1	FN-1022,FN-1025,FN-1029,FN-1032,FN-1036,FN-1623,FN-1627,FN-1630
TS. Hoàng Thị Hương	fn.009@gv.phenikaa.vn	FN	FN-BM1	FN-1022,FN-1025,FN-1029,FN-1032,FN-1036,FN-1623,FN-1627,FN-1630
PGS. Nguyễn Văn Hưng	fn.010@gv.phenikaa.vn	FN	FN-BM1	FN-1022,FN-1026,FN-1029,FN-1033,FN-1036,FN-1624,FN-1627,FN-1631
TS. Phạm Thị Vân	fn.011@gv.phenikaa.vn	FN	FN-BM1	FN-1022,FN-1026,FN-1029,FN-1033,FN-1036,FN-1624,FN-1627,FN-1631
PGS. Dương Thị Ly Hương	fn.012@gv.phenikaa.vn	FN	FN-BM1	FN-1023,FN-1026,FN-1030,FN-1033,FN-1037,FN-1624,FN-1628,FN-1631
TS. Hoàng Thị Hương	fn.013@gv.phenikaa.vn	FN	FN-BM1	FN-1023,FN-1026,FN-1030,FN-1033,FN-1037,FN-1624,FN-1628,FN-1631
TS. Phạm Quốc Bảo	fol.000@gv.phenikaa.vn	FOL	FOL-BM1	FOL-1514,FOL-1517,FOL-1521,FOL-1524,FOL-1528,FOL-1531,FOL-1885,FOL-1888,FOL-1892
PGS.TS. Ngô Hồng Sơn	fol.001@gv.phenikaa.vn	FOL	FOL-BM1	FOL-1514,FOL-1517,FOL-1521,FOL-1524,FOL-1528,FOL-1531,FOL-1885,FOL-1888,FOL-1892
PGS.TS. Phạm Văn Cảnh	fol.002@gv.phenikaa.vn	FOL	FOL-BM1	FOL-1514,FOL-1518,FOL-1521,FOL-1525,FOL-1528,FOL-1532,FOL-1885,FOL-1889,FOL-1892
PGS.TS. Phạm Tiến Lâm	fol.003@gv.phenikaa.vn	FOL	FOL-BM1	FOL-1514,FOL-1518,FOL-1521,FOL-1525,FOL-1528,FOL-1532,FOL-1885,FOL-1889,FOL-1892
TS. Phạm Ngọc Hưng	fol.004@gv.phenikaa.vn	FOL	FOL-BM1	FOL-1515,FOL-1518,FOL-1522,FOL-1525,FOL-1529,FOL-1532,FOL-1886,FOL-1889
TS. Lê Hoàng Anh	fol.005@gv.phenikaa.vn	FOL	FOL-BM1	FOL-1515,FOL-1518,FOL-1522,FOL-1525,FOL-1529,FOL-1532,FOL-1886,FOL-1889
TS. Mai Xuân Trang	fol.006@gv.phenikaa.vn	FOL	FOL-BM1	FOL-1515,FOL-1519,FOL-1522,FOL-1526,FOL-1529,FOL-1883,FOL-1886,FOL-1890
TS. Trịnh Thanh Bình	fol.007@gv.phenikaa.vn	FOL	FOL-BM1	FOL-1515,FOL-1519,FOL-1522,FOL-1526,FOL-1529,FOL-1883,FOL-1886,FOL-1890
ThS. NCS. Nguyễn Anh Tuấn	fol.008@gv.phenikaa.vn	FOL	FOL-BM1	FOL-1516,FOL-1519,FOL-1523,FOL-1526,FOL-1530,FOL-1883,FOL-1887,FOL-1890
ThS. Nguyễn Thành Trung	fol.009@gv.phenikaa.vn	FOL	FOL-BM1	FOL-1516,FOL-1519,FOL-1523,FOL-1526,FOL-1530,FOL-1883,FOL-1887,FOL-1890
ThS. Đặng Thị Ngoan	fol.010@gv.phenikaa.vn	FOL	FOL-BM1	FOL-1516,FOL-1520,FOL-1523,FOL-1527,FOL-1530,FOL-1884,FOL-1887,FOL-1891
ThS. Lương Tùng Dương	fol.011@gv.phenikaa.vn	FOL	FOL-BM1	FOL-1516,FOL-1520,FOL-1523,FOL-1527,FOL-1530,FOL-1884,FOL-1887,FOL-1891
ThS. Nguyễn Thị Dinh	fol.012@gv.phenikaa.vn	FOL	FOL-BM1	FOL-1517,FOL-1520,FOL-1524,FOL-1527,FOL-1531,FOL-1884,FOL-1888,FOL-1891
ThS. Nguyễn Thị Khánh Trâm	fol.013@gv.phenikaa.vn	FOL	FOL-BM1	FOL-1517,FOL-1520,FOL-1524,FOL-1527,FOL-1531,FOL-1884,FOL-1888,FOL-1891
TS. Phạm Quốc Bảo	fos.000@gv.phenikaa.vn	FOS	FOS-BM1	FOS-1153,FOS-1156,FOS-1160,FOS-1163,FOS-1167,FOS-1170,FOS-1695,FOS-1698,FOS-1702
PGS.TS. Ngô Hồng Sơn	fos.001@gv.phenikaa.vn	FOS	FOS-BM1	FOS-1153,FOS-1156,FOS-1160,FOS-1163,FOS-1167,FOS-1170,FOS-1695,FOS-1698,FOS-1702
PGS.TS. Phạm Văn Cảnh	fos.002@gv.phenikaa.vn	FOS	FOS-BM1	FOS-1153,FOS-1157,FOS-1160,FOS-1164,FOS-1167,FOS-1171,FOS-1695,FOS-1699,FOS-1702
PGS.TS. Phạm Tiến Lâm	fos.003@gv.phenikaa.vn	FOS	FOS-BM1	FOS-1153,FOS-1157,FOS-1160,FOS-1164,FOS-1167,FOS-1171,FOS-1695,FOS-1699,FOS-1702
TS. Phạm Ngọc Hưng	fos.004@gv.phenikaa.vn	FOS	FOS-BM1	FOS-1154,FOS-1157,FOS-1161,FOS-1164,FOS-1168,FOS-1171,FOS-1696,FOS-1699
TS. Lê Hoàng Anh	fos.005@gv.phenikaa.vn	FOS	FOS-BM1	FOS-1154,FOS-1157,FOS-1161,FOS-1164,FOS-1168,FOS-1171,FOS-1696,FOS-1699
TS. Mai Xuân Trang	fos.006@gv.phenikaa.vn	FOS	FOS-BM1	FOS-1154,FOS-1158,FOS-1161,FOS-1165,FOS-1168,FOS-1693,FOS-1696,FOS-1700
TS. Trịnh Thanh Bình	fos.007@gv.phenikaa.vn	FOS	FOS-BM1	FOS-1154,FOS-1158,FOS-1161,FOS-1165,FOS-1168,FOS-1693,FOS-1696,FOS-1700
ThS. NCS. Nguyễn Anh Tuấn	fos.008@gv.phenikaa.vn	FOS	FOS-BM1	FOS-1155,FOS-1158,FOS-1162,FOS-1165,FOS-1169,FOS-1693,FOS-1697,FOS-1700
ThS. Nguyễn Thành Trung	fos.009@gv.phenikaa.vn	FOS	FOS-BM1	FOS-1155,FOS-1158,FOS-1162,FOS-1165,FOS-1169,FOS-1693,FOS-1697,FOS-1700
ThS. Đặng Thị Ngoan	fos.010@gv.phenikaa.vn	FOS	FOS-BM1	FOS-1155,FOS-1159,FOS-1162,FOS-1166,FOS-1169,FOS-1694,FOS-1697,FOS-1701
ThS. Lương Tùng Dương	fos.011@gv.phenikaa.vn	FOS	FOS-BM1	FOS-1155,FOS-1159,FOS-1162,FOS-1166,FOS-1169,FOS-1694,FOS-1697,FOS-1701
ThS. Nguyễn Thị Dinh	fos.012@gv.phenikaa.vn	FOS	FOS-BM1	FOS-1156,FOS-1159,FOS-1163,FOS-1166,FOS-1170,FOS-1694,FOS-1698,FOS-1701
ThS. Nguyễn Thị Khánh Trâm	fos.013@gv.phenikaa.vn	FOS	FOS-BM1	FOS-1156,FOS-1159,FOS-1163,FOS-1166,FOS-1170,FOS-1694,FOS-1698,FOS-1701
PGS. Nguyễn Văn Hưng	fp.000@gv.phenikaa.vn	FP	FP-BM1	FP-1001,FP-1004,FP-1008,FP-1011,FP-1015,FP-1018,FP-1615,FP-1618,FP-1622
TS. Phạm Thị Vân	fp.001@gv.phenikaa.vn	FP	FP-BM1	FP-1001,FP-1004,FP-1008,FP-1011,FP-1015,FP-1018,FP-1615,FP-1618,FP-1622
PGS. Dương Thị Ly Hương	fp.002@gv.phenikaa.vn	FP	FP-BM1	FP-1001,FP-1005,FP-1008,FP-1012,FP-1015,FP-1019,FP-1615,FP-1619,FP-1622
PGS.TS. Ngô Hồng Sơn	fp.003@gv.phenikaa.vn	FP	FP-BM1	FP-1001,FP-1005,FP-1008,FP-1012,FP-1015,FP-1019,FP-1615,FP-1619,FP-1622
PGS.TS. Phạm Văn Cảnh	fp.004@gv.phenikaa.vn	FP	FP-BM1	FP-1002,FP-1005,FP-1009,FP-1012,FP-1016,FP-1019,FP-1616,FP-1619
PGS.TS. Phạm Tiến Lâm	fp.005@gv.phenikaa.vn	FP	FP-BM1	FP-1002,FP-1005,FP-1009,FP-1012,FP-1016,FP-1019,FP-1616,FP-1619
TS. Phạm Ngọc Hưng	fp.006@gv.phenikaa.vn	FP	FP-BM1	FP-1002,FP-1006,FP-1009,FP-1013,FP-1016,FP-1613,FP-1616,FP-1620
TS. Lê Hoàng Anh	fp.007@gv.phenikaa.vn	FP	FP-BM1	FP-1002,FP-1006,FP-1009,FP-1013,FP-1016,FP-1613,FP-1616,FP-1620
TS. Mai Xuân Trang	fp.008@gv.phenikaa.vn	FP	FP-BM1	FP-1003,FP-1006,FP-1010,FP-1013,FP-1017,FP-1613,FP-1617,FP-1620
TS. Trịnh Thanh Bình	fp.009@gv.phenikaa.vn	FP	FP-BM1	FP-1003,FP-1006,FP-1010,FP-1013,FP-1017,FP-1613,FP-1617,FP-1620
ThS. NCS. Nguyễn Anh Tuấn	fp.010@gv.phenikaa.vn	FP	FP-BM1	FP-1003,FP-1007,FP-1010,FP-1014,FP-1017,FP-1614,FP-1617,FP-1621
ThS. Nguyễn Thành Trung	fp.011@gv.phenikaa.vn	FP	FP-BM1	FP-1003,FP-1007,FP-1010,FP-1014,FP-1017,FP-1614,FP-1617,FP-1621
ThS. Đặng Thị Ngoan	fp.012@gv.phenikaa.vn	FP	FP-BM1	FP-1004,FP-1007,FP-1011,FP-1014,FP-1018,FP-1614,FP-1618,FP-1621
ThS. Lương Tùng Dương	fp.013@gv.phenikaa.vn	FP	FP-BM1	FP-1004,FP-1007,FP-1011,FP-1014,FP-1018,FP-1614,FP-1618,FP-1621
PGS.TS. Ngô Hồng Sơn	fph.000@gv.phenikaa.vn	FPH	FPH-BM1	FPH-1134,FPH-1137,FPH-1141,FPH-1144,FPH-1148,FPH-1151,FPH-1685,FPH-1688,FPH-1692
PGS.TS. Phạm Văn Cảnh	fph.001@gv.phenikaa.vn	FPH	FPH-BM1	FPH-1134,FPH-1137,FPH-1141,FPH-1144,FPH-1148,FPH-1151,FPH-1685,FPH-1688,FPH-1692
PGS.TS. Phạm Tiến Lâm	fph.002@gv.phenikaa.vn	FPH	FPH-BM1	FPH-1134,FPH-1138,FPH-1141,FPH-1145,FPH-1148,FPH-1152,FPH-1685,FPH-1689,FPH-1692
TS. Phạm Ngọc Hưng	fph.003@gv.phenikaa.vn	FPH	FPH-BM1	FPH-1134,FPH-1138,FPH-1141,FPH-1145,FPH-1148,FPH-1152,FPH-1685,FPH-1689,FPH-1692
TS. Lê Hoàng Anh	fph.004@gv.phenikaa.vn	FPH	FPH-BM1	FPH-1135,FPH-1138,FPH-1142,FPH-1145,FPH-1149,FPH-1152,FPH-1686,FPH-1689
TS. Mai Xuân Trang	fph.005@gv.phenikaa.vn	FPH	FPH-BM1	FPH-1135,FPH-1138,FPH-1142,FPH-1145,FPH-1149,FPH-1152,FPH-1686,FPH-1689
TS. Trịnh Thanh Bình	fph.006@gv.phenikaa.vn	FPH	FPH-BM1	FPH-1135,FPH-1139,FPH-1142,FPH-1146,FPH-1149,FPH-1683,FPH-1686,FPH-1690
ThS. NCS. Nguyễn Anh Tuấn	fph.007@gv.phenikaa.vn	FPH	FPH-BM1	FPH-1135,FPH-1139,FPH-1142,FPH-1146,FPH-1149,FPH-1683,FPH-1686,FPH-1690
ThS. Nguyễn Thành Trung	fph.008@gv.phenikaa.vn	FPH	FPH-BM1	FPH-1136,FPH-1139,FPH-1143,FPH-1146,FPH-1150,FPH-1683,FPH-1687,FPH-1690
ThS. Đặng Thị Ngoan	fph.009@gv.phenikaa.vn	FPH	FPH-BM1	FPH-1136,FPH-1139,FPH-1143,FPH-1146,FPH-1150,FPH-1683,FPH-1687,FPH-1690
ThS. Lương Tùng Dương	fph.010@gv.phenikaa.vn	FPH	FPH-BM1	FPH-1136,FPH-1140,FPH-1143,FPH-1147,FPH-1150,FPH-1684,FPH-1687,FPH-1691
ThS. Nguyễn Thị Dinh	fph.011@gv.phenikaa.vn	FPH	FPH-BM1	FPH-1136,FPH-1140,FPH-1143,FPH-1147,FPH-1150,FPH-1684,FPH-1687,FPH-1691
ThS. Nguyễn Thị Khánh Trâm	fph.012@gv.phenikaa.vn	FPH	FPH-BM1	FPH-1137,FPH-1140,FPH-1144,FPH-1147,FPH-1151,FPH-1684,FPH-1688,FPH-1691
TS. Nguyễn Lệ Thu	fph.013@gv.phenikaa.vn	FPH	FPH-BM1	FPH-1137,FPH-1140,FPH-1144,FPH-1147,FPH-1151,FPH-1684,FPH-1688,FPH-1691
TS. Phạm Quốc Bảo	fth.000@gv.phenikaa.vn	FTH	FTH-BM1	FTH-1362,FTH-1365,FTH-1369,FTH-1372,FTH-1376,FTH-1379,FTH-1805,FTH-1808,FTH-1812
PGS.TS. Ngô Hồng Sơn	fth.001@gv.phenikaa.vn	FTH	FTH-BM1	FTH-1362,FTH-1365,FTH-1369,FTH-1372,FTH-1376,FTH-1379,FTH-1805,FTH-1808,FTH-1812
PGS.TS. Phạm Văn Cảnh	fth.002@gv.phenikaa.vn	FTH	FTH-BM1	FTH-1362,FTH-1366,FTH-1369,FTH-1373,FTH-1376,FTH-1380,FTH-1805,FTH-1809,FTH-1812
PGS.TS. Phạm Tiến Lâm	fth.003@gv.phenikaa.vn	FTH	FTH-BM1	FTH-1362,FTH-1366,FTH-1369,FTH-1373,FTH-1376,FTH-1380,FTH-1805,FTH-1809,FTH-1812
TS. Phạm Ngọc Hưng	fth.004@gv.phenikaa.vn	FTH	FTH-BM1	FTH-1363,FTH-1366,FTH-1370,FTH-1373,FTH-1377,FTH-1380,FTH-1806,FTH-1809
TS. Lê Hoàng Anh	fth.005@gv.phenikaa.vn	FTH	FTH-BM1	FTH-1363,FTH-1366,FTH-1370,FTH-1373,FTH-1377,FTH-1380,FTH-1806,FTH-1809
TS. Mai Xuân Trang	fth.006@gv.phenikaa.vn	FTH	FTH-BM1	FTH-1363,FTH-1367,FTH-1370,FTH-1374,FTH-1377,FTH-1803,FTH-1806,FTH-1810
TS. Trịnh Thanh Bình	fth.007@gv.phenikaa.vn	FTH	FTH-BM1	FTH-1363,FTH-1367,FTH-1370,FTH-1374,FTH-1377,FTH-1803,FTH-1806,FTH-1810
ThS. NCS. Nguyễn Anh Tuấn	fth.008@gv.phenikaa.vn	FTH	FTH-BM1	FTH-1364,FTH-1367,FTH-1371,FTH-1374,FTH-1378,FTH-1803,FTH-1807,FTH-1810
ThS. Nguyễn Thành Trung	fth.009@gv.phenikaa.vn	FTH	FTH-BM1	FTH-1364,FTH-1367,FTH-1371,FTH-1374,FTH-1378,FTH-1803,FTH-1807,FTH-1810
ThS. Đặng Thị Ngoan	fth.010@gv.phenikaa.vn	FTH	FTH-BM1	FTH-1364,FTH-1368,FTH-1371,FTH-1375,FTH-1378,FTH-1804,FTH-1807,FTH-1811
ThS. Lương Tùng Dương	fth.011@gv.phenikaa.vn	FTH	FTH-BM1	FTH-1364,FTH-1368,FTH-1371,FTH-1375,FTH-1378,FTH-1804,FTH-1807,FTH-1811
ThS. Nguyễn Thị Dinh	fth.012@gv.phenikaa.vn	FTH	FTH-BM1	FTH-1365,FTH-1368,FTH-1372,FTH-1375,FTH-1379,FTH-1804,FTH-1808,FTH-1811
ThS. Nguyễn Thị Khánh Trâm	fth.013@gv.phenikaa.vn	FTH	FTH-BM1	FTH-1365,FTH-1368,FTH-1372,FTH-1375,FTH-1379,FTH-1804,FTH-1808,FTH-1811
TS. Phạm Quốc Bảo	ftme.000@gv.phenikaa.vn	FTME	FTME-BM1	FTME-1115,FTME-1118,FTME-1122,FTME-1125,FTME-1129,FTME-1132,FTME-1675,FTME-1678,FTME-1682
PGS.TS. Ngô Hồng Sơn	ftme.001@gv.phenikaa.vn	FTME	FTME-BM1	FTME-1115,FTME-1118,FTME-1122,FTME-1125,FTME-1129,FTME-1132,FTME-1675,FTME-1678,FTME-1682
PGS.TS. Phạm Văn Cảnh	ftme.002@gv.phenikaa.vn	FTME	FTME-BM1	FTME-1115,FTME-1119,FTME-1122,FTME-1126,FTME-1129,FTME-1133,FTME-1675,FTME-1679,FTME-1682
PGS.TS. Phạm Tiến Lâm	ftme.003@gv.phenikaa.vn	FTME	FTME-BM1	FTME-1115,FTME-1119,FTME-1122,FTME-1126,FTME-1129,FTME-1133,FTME-1675,FTME-1679,FTME-1682
TS. Phạm Ngọc Hưng	ftme.004@gv.phenikaa.vn	FTME	FTME-BM1	FTME-1116,FTME-1119,FTME-1123,FTME-1126,FTME-1130,FTME-1133,FTME-1676,FTME-1679
TS. Lê Hoàng Anh	ftme.005@gv.phenikaa.vn	FTME	FTME-BM1	FTME-1116,FTME-1119,FTME-1123,FTME-1126,FTME-1130,FTME-1133,FTME-1676,FTME-1679
TS. Mai Xuân Trang	ftme.006@gv.phenikaa.vn	FTME	FTME-BM1	FTME-1116,FTME-1120,FTME-1123,FTME-1127,FTME-1130,FTME-1673,FTME-1676,FTME-1680
TS. Trịnh Thanh Bình	ftme.007@gv.phenikaa.vn	FTME	FTME-BM1	FTME-1116,FTME-1120,FTME-1123,FTME-1127,FTME-1130,FTME-1673,FTME-1676,FTME-1680
ThS. NCS. Nguyễn Anh Tuấn	ftme.008@gv.phenikaa.vn	FTME	FTME-BM1	FTME-1117,FTME-1120,FTME-1124,FTME-1127,FTME-1131,FTME-1673,FTME-1677,FTME-1680
ThS. Nguyễn Thành Trung	ftme.009@gv.phenikaa.vn	FTME	FTME-BM1	FTME-1117,FTME-1120,FTME-1124,FTME-1127,FTME-1131,FTME-1673,FTME-1677,FTME-1680
ThS. Đặng Thị Ngoan	ftme.010@gv.phenikaa.vn	FTME	FTME-BM1	FTME-1117,FTME-1121,FTME-1124,FTME-1128,FTME-1131,FTME-1674,FTME-1677,FTME-1681
ThS. Lương Tùng Dương	ftme.011@gv.phenikaa.vn	FTME	FTME-BM1	FTME-1117,FTME-1121,FTME-1124,FTME-1128,FTME-1131,FTME-1674,FTME-1677,FTME-1681
ThS. Nguyễn Thị Dinh	ftme.012@gv.phenikaa.vn	FTME	FTME-BM1	FTME-1118,FTME-1121,FTME-1125,FTME-1128,FTME-1132,FTME-1674,FTME-1678,FTME-1681
ThS. Nguyễn Thị Khánh Trâm	ftme.013@gv.phenikaa.vn	FTME	FTME-BM1	FTME-1118,FTME-1121,FTME-1125,FTME-1128,FTME-1132,FTME-1674,FTME-1678,FTME-1681
PGS. Nguyễn Văn Hưng	md.000@gv.phenikaa.vn	MD	MD-BM1	MD-1096,MD-1099,MD-1103,MD-1106,MD-1110,MD-1113,MD-1603,MD-1606,MD-1610,MD-1663,MD-1667,MD-1670
TS. Phạm Thị Vân	md.001@gv.phenikaa.vn	MD	MD-BM1	MD-1096,MD-1099,MD-1103,MD-1106,MD-1110,MD-1113,MD-1603,MD-1606,MD-1610,MD-1663,MD-1667,MD-1670
PGS. Dương Thị Ly Hương	md.002@gv.phenikaa.vn	MD	MD-BM1	MD-1096,MD-1100,MD-1103,MD-1107,MD-1110,MD-1114,MD-1603,MD-1607,MD-1610,MD-1664,MD-1667,MD-1671
TS. Hoàng Thị Hương	md.003@gv.phenikaa.vn	MD	MD-BM1	MD-1096,MD-1100,MD-1103,MD-1107,MD-1110,MD-1114,MD-1603,MD-1607,MD-1610,MD-1664,MD-1667,MD-1671
PGS. Nguyễn Văn Hưng	md.004@gv.phenikaa.vn	MD	MD-BM1	MD-1097,MD-1100,MD-1104,MD-1107,MD-1111,MD-1114,MD-1604,MD-1607,MD-1611,MD-1664,MD-1668,MD-1671
TS. Phạm Thị Vân	md.005@gv.phenikaa.vn	MD	MD-BM1	MD-1097,MD-1100,MD-1104,MD-1107,MD-1111,MD-1114,MD-1604,MD-1607,MD-1611,MD-1664,MD-1668,MD-1671
PGS. Dương Thị Ly Hương	md.006@gv.phenikaa.vn	MD	MD-BM1	MD-1097,MD-1101,MD-1104,MD-1108,MD-1111,MD-1601,MD-1604,MD-1608,MD-1611,MD-1665,MD-1668,MD-1672
TS. Hoàng Thị Hương	md.007@gv.phenikaa.vn	MD	MD-BM1	MD-1097,MD-1101,MD-1104,MD-1108,MD-1111,MD-1601,MD-1604,MD-1608,MD-1611,MD-1665,MD-1668,MD-1672
PGS. Nguyễn Văn Hưng	md.008@gv.phenikaa.vn	MD	MD-BM1	MD-1098,MD-1101,MD-1105,MD-1108,MD-1112,MD-1601,MD-1605,MD-1608,MD-1612,MD-1665,MD-1669,MD-1672
TS. Phạm Thị Vân	md.009@gv.phenikaa.vn	MD	MD-BM1	MD-1098,MD-1101,MD-1105,MD-1108,MD-1112,MD-1601,MD-1605,MD-1608,MD-1612,MD-1665,MD-1669,MD-1672
PGS. Dương Thị Ly Hương	md.010@gv.phenikaa.vn	MD	MD-BM1	MD-1098,MD-1102,MD-1105,MD-1109,MD-1112,MD-1602,MD-1605,MD-1609,MD-1612,MD-1666,MD-1669
TS. Hoàng Thị Hương	md.011@gv.phenikaa.vn	MD	MD-BM1	MD-1098,MD-1102,MD-1105,MD-1109,MD-1112,MD-1602,MD-1605,MD-1609,MD-1612,MD-1666,MD-1669
PGS. Nguyễn Văn Hưng	md.012@gv.phenikaa.vn	MD	MD-BM1	MD-1099,MD-1102,MD-1106,MD-1109,MD-1113,MD-1602,MD-1606,MD-1609,MD-1663,MD-1666,MD-1670
TS. Phạm Thị Vân	md.013@gv.phenikaa.vn	MD	MD-BM1	MD-1099,MD-1102,MD-1106,MD-1109,MD-1113,MD-1602,MD-1606,MD-1609,MD-1663,MD-1666,MD-1670
PGS. Nguyễn Văn Hưng	me.000@gv.phenikaa.vn	ME	ME-BM1	ME-1058,ME-1061,ME-1065,ME-1068,ME-1072,ME-1075,ME-1645,ME-1648,ME-1652
TS. Phạm Thị Vân	me.001@gv.phenikaa.vn	ME	ME-BM1	ME-1058,ME-1061,ME-1065,ME-1068,ME-1072,ME-1075,ME-1645,ME-1648,ME-1652
PGS. Dương Thị Ly Hương	me.002@gv.phenikaa.vn	ME	ME-BM1	ME-1058,ME-1062,ME-1065,ME-1069,ME-1072,ME-1076,ME-1645,ME-1649,ME-1652
TS. Hoàng Thị Hương	me.003@gv.phenikaa.vn	ME	ME-BM1	ME-1058,ME-1062,ME-1065,ME-1069,ME-1072,ME-1076,ME-1645,ME-1649,ME-1652
PGS. Nguyễn Văn Hưng	me.004@gv.phenikaa.vn	ME	ME-BM1	ME-1059,ME-1062,ME-1066,ME-1069,ME-1073,ME-1076,ME-1646,ME-1649
TS. Phạm Thị Vân	me.005@gv.phenikaa.vn	ME	ME-BM1	ME-1059,ME-1062,ME-1066,ME-1069,ME-1073,ME-1076,ME-1646,ME-1649
PGS. Dương Thị Ly Hương	me.006@gv.phenikaa.vn	ME	ME-BM1	ME-1059,ME-1063,ME-1066,ME-1070,ME-1073,ME-1643,ME-1646,ME-1650
TS. Hoàng Thị Hương	me.007@gv.phenikaa.vn	ME	ME-BM1	ME-1059,ME-1063,ME-1066,ME-1070,ME-1073,ME-1643,ME-1646,ME-1650
PGS. Nguyễn Văn Hưng	me.008@gv.phenikaa.vn	ME	ME-BM1	ME-1060,ME-1063,ME-1067,ME-1070,ME-1074,ME-1643,ME-1647,ME-1650
TS. Phạm Thị Vân	me.009@gv.phenikaa.vn	ME	ME-BM1	ME-1060,ME-1063,ME-1067,ME-1070,ME-1074,ME-1643,ME-1647,ME-1650
PGS. Dương Thị Ly Hương	me.010@gv.phenikaa.vn	ME	ME-BM1	ME-1060,ME-1064,ME-1067,ME-1071,ME-1074,ME-1644,ME-1647,ME-1651
TS. Hoàng Thị Hương	me.011@gv.phenikaa.vn	ME	ME-BM1	ME-1060,ME-1064,ME-1067,ME-1071,ME-1074,ME-1644,ME-1647,ME-1651
PGS. Nguyễn Văn Hưng	me.012@gv.phenikaa.vn	ME	ME-BM1	ME-1061,ME-1064,ME-1068,ME-1071,ME-1075,ME-1644,ME-1648,ME-1651
TS. Phạm Thị Vân	me.013@gv.phenikaa.vn	ME	ME-BM1	ME-1061,ME-1064,ME-1068,ME-1071,ME-1075,ME-1644,ME-1648,ME-1651
PGS.TS. Ngô Hồng Sơn	mem.000@gv.phenikaa.vn	MEM	MEM-BM1	MEM-1267,MEM-1270,MEM-1274,MEM-1277,MEM-1281,MEM-1284,MEM-1755,MEM-1758,MEM-1762
PGS.TS. Phạm Văn Cảnh	mem.001@gv.phenikaa.vn	MEM	MEM-BM1	MEM-1267,MEM-1270,MEM-1274,MEM-1277,MEM-1281,MEM-1284,MEM-1755,MEM-1758,MEM-1762
PGS.TS. Phạm Tiến Lâm	mem.002@gv.phenikaa.vn	MEM	MEM-BM1	MEM-1267,MEM-1271,MEM-1274,MEM-1278,MEM-1281,MEM-1285,MEM-1755,MEM-1759,MEM-1762
TS. Phạm Ngọc Hưng	mem.003@gv.phenikaa.vn	MEM	MEM-BM1	MEM-1267,MEM-1271,MEM-1274,MEM-1278,MEM-1281,MEM-1285,MEM-1755,MEM-1759,MEM-1762
TS. Lê Hoàng Anh	mem.004@gv.phenikaa.vn	MEM	MEM-BM1	MEM-1268,MEM-1271,MEM-1275,MEM-1278,MEM-1282,MEM-1285,MEM-1756,MEM-1759
TS. Mai Xuân Trang	mem.005@gv.phenikaa.vn	MEM	MEM-BM1	MEM-1268,MEM-1271,MEM-1275,MEM-1278,MEM-1282,MEM-1285,MEM-1756,MEM-1759
TS. Trịnh Thanh Bình	mem.006@gv.phenikaa.vn	MEM	MEM-BM1	MEM-1268,MEM-1272,MEM-1275,MEM-1279,MEM-1282,MEM-1753,MEM-1756,MEM-1760
ThS. NCS. Nguyễn Anh Tuấn	mem.007@gv.phenikaa.vn	MEM	MEM-BM1	MEM-1268,MEM-1272,MEM-1275,MEM-1279,MEM-1282,MEM-1753,MEM-1756,MEM-1760
ThS. Nguyễn Thành Trung	mem.008@gv.phenikaa.vn	MEM	MEM-BM1	MEM-1269,MEM-1272,MEM-1276,MEM-1279,MEM-1283,MEM-1753,MEM-1757,MEM-1760
ThS. Đặng Thị Ngoan	mem.009@gv.phenikaa.vn	MEM	MEM-BM1	MEM-1269,MEM-1272,MEM-1276,MEM-1279,MEM-1283,MEM-1753,MEM-1757,MEM-1760
ThS. Lương Tùng Dương	mem.010@gv.phenikaa.vn	MEM	MEM-BM1	MEM-1269,MEM-1273,MEM-1276,MEM-1280,MEM-1283,MEM-1754,MEM-1757,MEM-1761
ThS. Nguyễn Thị Dinh	mem.011@gv.phenikaa.vn	MEM	MEM-BM1	MEM-1269,MEM-1273,MEM-1276,MEM-1280,MEM-1283,MEM-1754,MEM-1757,MEM-1761
ThS. Nguyễn Thị Khánh Trâm	mem.012@gv.phenikaa.vn	MEM	MEM-BM1	MEM-1270,MEM-1273,MEM-1277,MEM-1280,MEM-1284,MEM-1754,MEM-1758,MEM-1761
TS. Nguyễn Lệ Thu	mem.013@gv.phenikaa.vn	MEM	MEM-BM1	MEM-1270,MEM-1273,MEM-1277,MEM-1280,MEM-1284,MEM-1754,MEM-1758,MEM-1761
PGS.TS. Ngô Hồng Sơn	mse.000@gv.phenikaa.vn	MSE	MSE-BM1	MSE-1324,MSE-1327,MSE-1331,MSE-1334,MSE-1338,MSE-1341,MSE-1785,MSE-1788,MSE-1792
PGS.TS. Phạm Văn Cảnh	mse.001@gv.phenikaa.vn	MSE	MSE-BM1	MSE-1324,MSE-1327,MSE-1331,MSE-1334,MSE-1338,MSE-1341,MSE-1785,MSE-1788,MSE-1792
PGS.TS. Phạm Tiến Lâm	mse.002@gv.phenikaa.vn	MSE	MSE-BM1	MSE-1324,MSE-1328,MSE-1331,MSE-1335,MSE-1338,MSE-1342,MSE-1785,MSE-1789,MSE-1792
TS. Phạm Ngọc Hưng	mse.003@gv.phenikaa.vn	MSE	MSE-BM1	MSE-1324,MSE-1328,MSE-1331,MSE-1335,MSE-1338,MSE-1342,MSE-1785,MSE-1789,MSE-1792
TS. Lê Hoàng Anh	mse.004@gv.phenikaa.vn	MSE	MSE-BM1	MSE-1325,MSE-1328,MSE-1332,MSE-1335,MSE-1339,MSE-1342,MSE-1786,MSE-1789
TS. Mai Xuân Trang	mse.005@gv.phenikaa.vn	MSE	MSE-BM1	MSE-1325,MSE-1328,MSE-1332,MSE-1335,MSE-1339,MSE-1342,MSE-1786,MSE-1789
TS. Trịnh Thanh Bình	mse.006@gv.phenikaa.vn	MSE	MSE-BM1	MSE-1325,MSE-1329,MSE-1332,MSE-1336,MSE-1339,MSE-1783,MSE-1786,MSE-1790
ThS. NCS. Nguyễn Anh Tuấn	mse.007@gv.phenikaa.vn	MSE	MSE-BM1	MSE-1325,MSE-1329,MSE-1332,MSE-1336,MSE-1339,MSE-1783,MSE-1786,MSE-1790
ThS. Nguyễn Thành Trung	mse.008@gv.phenikaa.vn	MSE	MSE-BM1	MSE-1326,MSE-1329,MSE-1333,MSE-1336,MSE-1340,MSE-1783,MSE-1787,MSE-1790
ThS. Đặng Thị Ngoan	mse.009@gv.phenikaa.vn	MSE	MSE-BM1	MSE-1326,MSE-1329,MSE-1333,MSE-1336,MSE-1340,MSE-1783,MSE-1787,MSE-1790
ThS. Lương Tùng Dương	mse.010@gv.phenikaa.vn	MSE	MSE-BM1	MSE-1326,MSE-1330,MSE-1333,MSE-1337,MSE-1340,MSE-1784,MSE-1787,MSE-1791
ThS. Nguyễn Thị Dinh	mse.011@gv.phenikaa.vn	MSE	MSE-BM1	MSE-1326,MSE-1330,MSE-1333,MSE-1337,MSE-1340,MSE-1784,MSE-1787,MSE-1791
ThS. Nguyễn Thị Khánh Trâm	mse.012@gv.phenikaa.vn	MSE	MSE-BM1	MSE-1327,MSE-1330,MSE-1334,MSE-1337,MSE-1341,MSE-1784,MSE-1788,MSE-1791
TS. Nguyễn Lệ Thu	mse.013@gv.phenikaa.vn	MSE	MSE-BM1	MSE-1327,MSE-1330,MSE-1334,MSE-1337,MSE-1341,MSE-1784,MSE-1788,MSE-1791
PGS. Nguyễn Văn Hưng	pud.000@gv.phenikaa.vn	PUD	PUD-BM1	PUD-1077,PUD-1080,PUD-1084,PUD-1087,PUD-1091,PUD-1094,PUD-1655,PUD-1658,PUD-1662
TS. Phạm Thị Vân	pud.001@gv.phenikaa.vn	PUD	PUD-BM1	PUD-1077,PUD-1080,PUD-1084,PUD-1087,PUD-1091,PUD-1094,PUD-1655,PUD-1658,PUD-1662
PGS. Dương Thị Ly Hương	pud.002@gv.phenikaa.vn	PUD	PUD-BM1	PUD-1077,PUD-1081,PUD-1084,PUD-1088,PUD-1091,PUD-1095,PUD-1655,PUD-1659,PUD-1662
TS. Hoàng Thị Hương	pud.003@gv.phenikaa.vn	PUD	PUD-BM1	PUD-1077,PUD-1081,PUD-1084,PUD-1088,PUD-1091,PUD-1095,PUD-1655,PUD-1659,PUD-1662
PGS. Nguyễn Văn Hưng	pud.004@gv.phenikaa.vn	PUD	PUD-BM1	PUD-1078,PUD-1081,PUD-1085,PUD-1088,PUD-1092,PUD-1095,PUD-1656,PUD-1659
TS. Phạm Thị Vân	pud.005@gv.phenikaa.vn	PUD	PUD-BM1	PUD-1078,PUD-1081,PUD-1085,PUD-1088,PUD-1092,PUD-1095,PUD-1656,PUD-1659
PGS. Dương Thị Ly Hương	pud.006@gv.phenikaa.vn	PUD	PUD-BM1	PUD-1078,PUD-1082,PUD-1085,PUD-1089,PUD-1092,PUD-1653,PUD-1656,PUD-1660
TS. Hoàng Thị Hương	pud.007@gv.phenikaa.vn	PUD	PUD-BM1	PUD-1078,PUD-1082,PUD-1085,PUD-1089,PUD-1092,PUD-1653,PUD-1656,PUD-1660
PGS. Nguyễn Văn Hưng	pud.008@gv.phenikaa.vn	PUD	PUD-BM1	PUD-1079,PUD-1082,PUD-1086,PUD-1089,PUD-1093,PUD-1653,PUD-1657,PUD-1660
TS. Phạm Thị Vân	pud.009@gv.phenikaa.vn	PUD	PUD-BM1	PUD-1079,PUD-1082,PUD-1086,PUD-1089,PUD-1093,PUD-1653,PUD-1657,PUD-1660
PGS. Dương Thị Ly Hương	pud.010@gv.phenikaa.vn	PUD	PUD-BM1	PUD-1079,PUD-1083,PUD-1086,PUD-1090,PUD-1093,PUD-1654,PUD-1657,PUD-1661
TS. Hoàng Thị Hương	pud.011@gv.phenikaa.vn	PUD	PUD-BM1	PUD-1079,PUD-1083,PUD-1086,PUD-1090,PUD-1093,PUD-1654,PUD-1657,PUD-1661
PGS. Nguyễn Văn Hưng	pud.012@gv.phenikaa.vn	PUD	PUD-BM1	PUD-1080,PUD-1083,PUD-1087,PUD-1090,PUD-1094,PUD-1654,PUD-1658,PUD-1661
TS. Phạm Thị Vân	pud.013@gv.phenikaa.vn	PUD	PUD-BM1	PUD-1080,PUD-1083,PUD-1087,PUD-1090,PUD-1094,PUD-1654,PUD-1658,PUD-1661
PGS.TS. Ngô Hồng Sơn	vee.000@gv.phenikaa.vn	VEE	VEE-BM1	VEE-1343,VEE-1346,VEE-1350,VEE-1353,VEE-1357,VEE-1360,VEE-1795,VEE-1798,VEE-1802
PGS.TS. Phạm Văn Cảnh	vee.001@gv.phenikaa.vn	VEE	VEE-BM1	VEE-1343,VEE-1346,VEE-1350,VEE-1353,VEE-1357,VEE-1360,VEE-1795,VEE-1798,VEE-1802
PGS.TS. Phạm Tiến Lâm	vee.002@gv.phenikaa.vn	VEE	VEE-BM1	VEE-1343,VEE-1347,VEE-1350,VEE-1354,VEE-1357,VEE-1361,VEE-1795,VEE-1799,VEE-1802
TS. Phạm Ngọc Hưng	vee.003@gv.phenikaa.vn	VEE	VEE-BM1	VEE-1343,VEE-1347,VEE-1350,VEE-1354,VEE-1357,VEE-1361,VEE-1795,VEE-1799,VEE-1802
TS. Lê Hoàng Anh	vee.004@gv.phenikaa.vn	VEE	VEE-BM1	VEE-1344,VEE-1347,VEE-1351,VEE-1354,VEE-1358,VEE-1361,VEE-1796,VEE-1799
TS. Mai Xuân Trang	vee.005@gv.phenikaa.vn	VEE	VEE-BM1	VEE-1344,VEE-1347,VEE-1351,VEE-1354,VEE-1358,VEE-1361,VEE-1796,VEE-1799
TS. Trịnh Thanh Bình	vee.006@gv.phenikaa.vn	VEE	VEE-BM1	VEE-1344,VEE-1348,VEE-1351,VEE-1355,VEE-1358,VEE-1793,VEE-1796,VEE-1800
ThS. NCS. Nguyễn Anh Tuấn	vee.007@gv.phenikaa.vn	VEE	VEE-BM1	VEE-1344,VEE-1348,VEE-1351,VEE-1355,VEE-1358,VEE-1793,VEE-1796,VEE-1800
ThS. Nguyễn Thành Trung	vee.008@gv.phenikaa.vn	VEE	VEE-BM1	VEE-1345,VEE-1348,VEE-1352,VEE-1355,VEE-1359,VEE-1793,VEE-1797,VEE-1800
ThS. Đặng Thị Ngoan	vee.009@gv.phenikaa.vn	VEE	VEE-BM1	VEE-1345,VEE-1348,VEE-1352,VEE-1355,VEE-1359,VEE-1793,VEE-1797,VEE-1800
ThS. Lương Tùng Dương	vee.010@gv.phenikaa.vn	VEE	VEE-BM1	VEE-1345,VEE-1349,VEE-1352,VEE-1356,VEE-1359,VEE-1794,VEE-1797,VEE-1801
ThS. Nguyễn Thị Dinh	vee.011@gv.phenikaa.vn	VEE	VEE-BM1	VEE-1345,VEE-1349,VEE-1352,VEE-1356,VEE-1359,VEE-1794,VEE-1797,VEE-1801
ThS. Nguyễn Thị Khánh Trâm	vee.012@gv.phenikaa.vn	VEE	VEE-BM1	VEE-1346,VEE-1349,VEE-1353,VEE-1356,VEE-1360,VEE-1794,VEE-1798,VEE-1801
TS. Nguyễn Lệ Thu	vee.013@gv.phenikaa.vn	VEE	VEE-BM1	VEE-1346,VEE-1349,VEE-1353,VEE-1356,VEE-1360,VEE-1794,VEE-1798,VEE-1801
